EmployeeID,EmployeeName,Gender,Age,Department,JobRole,Education,JobLevel,MonthlyIncome,TotalWorkingYears,YearsAtCompany,YearsInCurrentRole,YearsSincePromotion,JobSatisfaction,EnvironmentSatisfaction,WorkLifeBalance,PerformanceRating,TrainingHours,Overtime,BusinessTravel,MaritalStatus,DistanceFromHome,NumCompaniesWorked,HireDate,ExitDate,Attrition
EMP0001,Siddharth Das,Male,37,Marketing,Digital Marketing Specialist,Master's,3,53000,10,7,6,2,3,4,2,3,31,Yes,Travel_Rarely,Married,11,0,2012-05-10,,No
EMP0002,Nikhil Kapoor,Male,42,Research & Development,Product Researcher,High School,5,133000,11,4,3,0,4,3,3,3,9,No,Travel_Rarely,Single,5,1,2013-12-06,,No
EMP0003,Sneha Sen,Male,28,IT,IT Support Specialist,PhD,2,41000,0,0,0,0,3,3,4,3,40,No,Travel_Rarely,Married,3,4,2012-10-15,,No
EMP0004,Manish Chatterjee,Female,37,Finance,Financial Analyst,Bachelor's,3,56000,8,8,3,0,4,2,3,3,31,No,Travel_Rarely,Single,12,2,2026-01-01,,No
EMP0005,Varun Verma,Male,35,Customer Service,Customer Success Manager,Bachelor's,4,72000,13,3,0,3,3,3,4,4,26,Yes,Non-Travel,Single,11,1,2017-10-07,2024-08-14,Yes
EMP0006,Ravi Banerjee,Male,21,Research & Development,R&D Manager,Bachelor's,2,40000,1,1,1,1,2,2,4,3,22,No,Travel_Rarely,Married,7,2,2019-11-18,,No
EMP0007,Rohan Joshi,Male,25,IT,Software Engineer,Bachelor's,1,28000,0,0,0,0,3,3,3,3,50,No,Travel_Rarely,Married,17,3,2012-01-08,,No
EMP0008,Arjun Kapoor,Female,40,Operations,Operations Executive,Bachelor's,3,65000,13,5,4,0,1,4,3,5,26,No,Travel_Rarely,Single,2,1,2025-10-14,,No
EMP0009,Siddharth Joshi,Female,27,Human Resources,Recruiter,Bachelor's,2,45000,2,2,2,1,4,3,1,3,42,Yes,Travel_Frequently,Married,22,1,2018-08-29,2021-11-07,Yes
EMP0010,Ravi Malhotra,Female,35,Sales,Account Manager,PhD,4,72000,8,2,2,2,3,2,3,4,5,Yes,Travel_Rarely,Married,11,0,2016-07-06,,No
EMP0011,Manish Singh,Female,37,Customer Service,Customer Success Manager,Bachelor's,3,60000,10,6,0,0,2,2,3,3,56,Yes,Travel_Rarely,Single,1,0,2025-11-30,2026-06-06,Yes
EMP0012,Ravi Roy,Female,33,Sales,Sales Manager,Bachelor's,3,54000,8,8,3,3,3,4,4,3,40,Yes,Travel_Rarely,Single,9,2,2013-11-16,2024-01-14,Yes
EMP0013,Sneha Nair,Male,27,IT,Software Engineer,Master's,1,35000,7,7,6,0,4,2,2,3,36,Yes,Travel_Rarely,Married,4,2,2013-06-14,,No
EMP0014,Sanjay Kapoor,Male,29,IT,Software Engineer,Master's,3,71000,0,0,0,0,2,3,2,3,44,Yes,Travel_Rarely,Divorced,8,1,2017-09-16,,No
EMP0015,Raj Iyer,Male,40,Research & Development,Research Engineer,Bachelor's,2,41000,8,6,5,0,1,4,1,3,37,Yes,Travel_Rarely,Married,2,5,2023-09-03,2025-08-03,Yes
EMP0016,Aditya Gupta,Male,43,Sales,Sales Manager,Master's,4,89000,16,4,4,3,3,3,1,2,46,No,Travel_Rarely,Single,4,3,2017-08-11,,No
EMP0017,Nikhil Banerjee,Male,40,Customer Service,Customer Support Executive,Bachelor's,3,60000,20,5,2,0,3,4,2,3,22,No,Travel_Frequently,Single,16,3,2016-07-17,,No
EMP0018,Rohan Mukherjee,Female,32,Finance,Finance Manager,Bachelor's,2,51000,10,3,1,3,3,3,4,4,33,No,Travel_Rarely,Married,15,3,2026-08-22,,No
EMP0019,Ravi Mishra,Male,30,Sales,Sales Manager,Bachelor's,2,43000,9,6,2,2,4,2,3,3,40,No,Travel_Frequently,Married,11,1,2013-10-31,,No
EMP0020,Amit Kumar,Male,27,Operations,Operations Manager,Bachelor's,2,39000,5,5,5,4,4,3,3,1,48,Yes,Travel_Frequently,Married,5,5,2023-12-31,2025-07-11,Yes
EMP0021,Riya Kapoor,Male,41,Human Resources,HR Executive,Master's,4,83000,16,5,5,0,4,4,4,3,31,Yes,Non-Travel,Married,9,2,2020-11-16,,No
EMP0022,Varun Mishra,Female,29,Finance,Accountant,Master's,3,59000,2,1,1,1,4,1,4,3,24,No,Travel_Rarely,Married,10,3,2017-04-29,,No
EMP0023,Raj Das,Male,34,IT,IT Support Specialist,Master's,3,59000,10,8,3,1,3,3,4,3,9,Yes,Travel_Rarely,Single,13,1,2013-04-26,,No
EMP0024,Ananya Mukherjee,Female,40,Customer Service,Customer Success Manager,Diploma,4,70000,14,1,1,1,4,2,4,3,66,Yes,Travel_Rarely,Married,18,1,2018-10-18,,No
EMP0025,Kavya Das,Male,32,Finance,Finance Manager,Bachelor's,1,30000,12,5,2,0,3,4,3,4,33,No,Travel_Rarely,Single,25,0,2026-08-29,,No
EMP0026,Shreya Banerjee,Female,22,Sales,Business Development Executive,Bachelor's,1,29000,2,0,0,0,3,3,3,3,31,No,Travel_Rarely,Married,9,3,2015-08-31,,No
EMP0027,Diya Reddy,Male,51,IT,System Administrator,Bachelor's,4,83000,12,5,4,3,3,3,3,3,25,Yes,Travel_Rarely,Married,16,2,2015-07-27,,No
EMP0028,Diya Joshi,Female,30,Operations,Operations Executive,Master's,3,63000,10,9,4,3,3,2,2,2,22,Yes,Travel_Rarely,Married,6,3,2013-05-24,,No
EMP0029,Ravi Malhotra,Male,28,Customer Service,Support Analyst,Diploma,2,41000,8,8,3,1,3,4,4,4,38,No,Travel_Rarely,Married,21,2,2023-05-19,,No
EMP0030,Pooja Verma,Female,34,Sales,Account Manager,Bachelor's,2,44000,10,5,4,3,3,3,3,4,8,No,Travel_Rarely,Married,6,4,2021-05-01,,No
EMP0031,Pooja Iyer,Female,28,Research & Development,R&D Manager,Bachelor's,2,41000,5,0,0,0,3,4,3,3,47,Yes,Non-Travel,Single,12,0,2017-11-08,,No
EMP0032,Ravi Kapoor,Male,29,Human Resources,HR Manager,Bachelor's,2,35000,6,4,3,2,2,3,3,3,52,Yes,Travel_Rarely,Single,6,3,2024-11-10,,No
EMP0033,Aarav Malhotra,Male,36,IT,System Administrator,Bachelor's,3,57000,16,8,3,2,4,4,3,4,19,No,Travel_Frequently,Married,5,0,2017-11-18,,No
EMP0034,Aarav Reddy,Male,33,Customer Service,Customer Support Executive,Master's,4,72000,13,7,4,2,4,3,4,3,45,No,Non-Travel,Single,6,1,2022-02-12,,No
EMP0035,Ananya Reddy,Male,34,Research & Development,Product Researcher,Master's,3,70000,13,7,4,7,3,4,3,4,41,No,Travel_Rarely,Single,33,1,2019-08-11,,No
EMP0036,Aditya Roy,Female,27,Finance,Accountant,Bachelor's,3,59000,4,4,1,4,2,3,2,4,5,No,Travel_Rarely,Single,6,0,2025-05-08,,No
EMP0037,Varun Das,Female,36,Human Resources,Recruiter,High School,2,45000,16,8,3,0,3,3,4,3,42,No,Non-Travel,Married,15,2,2025-10-30,,No
EMP0038,Nikhil Chatterjee,Female,45,Sales,Sales Executive,Bachelor's,4,82000,15,5,4,0,3,3,3,4,33,No,Non-Travel,Divorced,20,1,2026-01-06,,No
EMP0039,Meera Mishra,Male,36,Marketing,Brand Manager,Master's,3,54000,11,9,4,1,3,3,2,4,11,Yes,Travel_Rarely,Married,10,3,2024-07-17,,No
EMP0040,Aisha Banerjee,Male,38,Operations,Operations Manager,Bachelor's,3,64000,12,11,4,5,3,3,3,4,65,No,Travel_Rarely,Single,27,1,2017-03-05,,No
EMP0041,Neha Kapoor,Female,45,Research & Development,R&D Manager,High School,4,92000,19,4,3,0,3,3,2,3,56,No,Travel_Rarely,Single,7,5,2024-02-08,,No
EMP0042,Nikhil Iyer,Male,39,Marketing,Digital Marketing Specialist,Bachelor's,2,49000,12,7,3,0,2,3,4,3,5,Yes,Travel_Rarely,Married,8,1,2023-07-12,,No
EMP0043,Arjun Singh,Male,25,Operations,Operations Manager,Master's,1,24000,5,5,3,5,2,1,1,3,30,No,Travel_Rarely,Married,6,0,2014-01-23,,No
EMP0044,Riya Chatterjee,Male,27,Research & Development,Product Researcher,Diploma,1,31000,4,1,0,0,4,3,4,3,33,Yes,Travel_Rarely,Single,9,1,2015-02-09,,No
EMP0045,Diya Patel,Female,33,Sales,Account Manager,Master's,3,58000,7,7,5,1,2,3,3,3,26,No,Travel_Frequently,Single,36,2,2025-09-09,2026-09-13,Yes
EMP0046,Arjun Singh,Female,31,Marketing,Marketing Executive,Bachelor's,1,29000,10,3,3,3,1,1,3,3,33,No,Travel_Rarely,Married,4,1,2021-12-11,2023-09-30,Yes
EMP0047,Abhishek Kumar,Female,32,Finance,Senior Accountant,Bachelor's,1,34000,7,3,2,0,2,3,2,2,29,No,Travel_Rarely,Married,26,1,2018-03-27,,No
EMP0048,Meera Chatterjee,Female,41,Marketing,Brand Manager,Bachelor's,4,77000,21,8,3,5,4,4,3,2,21,Yes,Travel_Rarely,Married,2,3,2024-12-05,,No
EMP0049,Manish Kumar,Female,31,Human Resources,HR Analyst,Bachelor's,2,37000,6,4,3,1,3,4,3,4,28,No,Travel_Rarely,Single,9,1,2018-12-18,,No
EMP0050,Sanjay Gupta,Male,27,Research & Development,Product Researcher,Bachelor's,2,43000,6,5,4,3,4,1,2,3,42,Yes,Travel_Rarely,Married,4,2,2011-10-15,,No
EMP0051,Pooja Iyer,Male,28,Finance,Finance Manager,Bachelor's,2,40000,7,4,1,0,3,1,3,2,35,No,Travel_Frequently,Married,2,1,2012-05-29,,No
EMP0052,Shreya Verma,Female,40,Marketing,Marketing Executive,Diploma,3,53000,10,6,2,1,4,4,3,2,25,No,Travel_Rarely,Married,15,3,2023-03-05,,No
EMP0053,Isha Mehta,Female,38,Finance,Senior Accountant,Bachelor's,3,66000,10,6,3,2,4,3,4,4,32,Yes,Travel_Rarely,Single,8,1,2023-02-24,,No
EMP0054,Aarav Chatterjee,Female,34,Research & Development,Research Engineer,Bachelor's,3,63000,10,4,4,4,3,4,3,4,30,No,Travel_Frequently,Single,17,2,2020-05-08,,No
EMP0055,Manish Nair,Male,42,Research & Development,R&D Manager,Bachelor's,4,95000,10,2,2,2,4,4,3,2,47,No,Travel_Rarely,Married,11,3,2021-08-20,2024-09-08,Yes
EMP0056,Aarav Mishra,Male,40,Human Resources,HR Executive,Master's,3,62000,15,9,5,2,3,3,3,4,28,No,Travel_Frequently,Single,4,1,2018-11-12,,No
EMP0057,Ravi Mehta,Female,46,IT,DevOps Engineer,Bachelor's,3,60000,18,5,5,5,4,4,4,3,28,Yes,Travel_Rarely,Married,15,3,2021-09-17,,No
EMP0058,Diya Sharma,Male,26,IT,System Administrator,Bachelor's,2,46000,0,0,0,0,2,3,3,3,44,Yes,Travel_Rarely,Single,8,3,2017-02-28,,No
EMP0059,Riya Mishra,Male,48,Marketing,Brand Manager,High School,4,89000,20,6,4,3,4,4,3,3,17,No,Travel_Rarely,Married,24,2,2026-02-03,,No
EMP0060,Nikhil Kumar,Male,29,Marketing,Digital Marketing Specialist,Master's,3,53000,6,6,1,5,2,3,3,3,51,No,Non-Travel,Married,5,1,2020-08-21,,No
EMP0061,Riya Roy,Female,40,Research & Development,Product Researcher,Bachelor's,3,61000,13,2,0,1,4,2,2,3,60,No,Travel_Rarely,Married,3,3,2014-10-30,,No
EMP0062,Ravi Roy,Male,32,Research & Development,Research Analyst,Master's,2,40000,12,8,3,0,2,3,4,3,35,Yes,Travel_Rarely,Divorced,10,0,2023-09-01,,No
EMP0063,Ananya Gupta,Male,27,Research & Development,Product Researcher,Bachelor's,2,40000,7,5,4,5,2,4,2,5,18,No,Travel_Rarely,Divorced,7,2,2024-04-05,,No
EMP0064,Raj Reddy,Male,46,Sales,Account Manager,Master's,4,89000,15,5,1,0,3,3,3,3,29,No,Travel_Rarely,Married,8,2,2024-05-09,,No
EMP0065,Shreya Verma,Female,28,Research & Development,Product Researcher,Diploma,2,43000,2,2,1,2,1,1,4,2,19,Yes,Travel_Rarely,Single,7,4,2020-01-31,,No
EMP0066,Varun Kapoor,Male,31,Human Resources,HR Analyst,Master's,2,39000,9,5,4,0,3,4,3,4,16,Yes,Travel_Rarely,Single,4,2,2019-11-24,2024-07-04,Yes
EMP0067,Pooja Mukherjee,Male,43,Marketing,Digital Marketing Specialist,Master's,5,133000,6,1,0,1,4,2,2,3,34,No,Non-Travel,Single,7,2,2014-08-02,,No
EMP0068,Karan Patel,Female,33,Finance,Accountant,Bachelor's,4,83000,9,5,4,3,4,4,3,3,10,No,Travel_Frequently,Married,13,2,2015-09-04,,No
EMP0069,Sanjay Sharma,Male,46,Operations,Operations Manager,High School,4,79000,23,3,3,2,3,2,3,2,47,Yes,Travel_Rarely,Single,5,1,2025-01-28,2026-04-10,Yes
EMP0070,Akash Sen,Male,34,Marketing,Brand Manager,High School,3,59000,3,3,0,0,4,4,3,2,20,No,Travel_Rarely,Married,18,4,2018-12-26,,No
EMP0071,Aditya Mishra,Male,29,Operations,Operations Coordinator,Bachelor's,3,51000,6,6,3,4,3,3,2,4,24,No,Travel_Rarely,Married,10,2,2016-08-01,,No
EMP0072,Ravi Verma,Male,31,Research & Development,R&D Manager,Diploma,2,47000,9,7,2,4,3,3,3,3,24,No,Non-Travel,Married,7,1,2013-11-07,,No
EMP0073,Varun Mukherjee,Female,23,IT,DevOps Engineer,Bachelor's,2,49000,1,1,1,1,3,3,4,4,44,No,Travel_Frequently,Single,16,1,2018-03-19,,No
EMP0074,Sneha Das,Female,37,Finance,Accountant,Bachelor's,3,74000,14,6,4,2,2,4,3,4,34,No,Travel_Rarely,Married,14,3,2025-09-15,,No
EMP0075,Siddharth Kapoor,Male,22,Marketing,Marketing Executive,Master's,1,27000,2,0,0,0,3,3,1,4,37,No,Travel_Rarely,Single,23,3,2025-12-17,,No
EMP0076,Aditya Joshi,Male,35,Customer Service,Support Analyst,Bachelor's,3,51000,12,6,5,1,4,4,3,2,69,Yes,Travel_Rarely,Married,7,3,2013-08-04,,No
EMP0077,Vikram Nair,Male,27,Research & Development,R&D Manager,Master's,2,43000,7,5,2,0,2,3,3,3,19,No,Travel_Rarely,Single,9,3,2020-08-16,,No
EMP0078,Vivaan Sharma,Male,35,Finance,Accountant,Bachelor's,3,58000,9,3,3,1,2,3,3,2,37,No,Travel_Rarely,Married,13,1,2019-09-15,2020-09-02,Yes
EMP0079,Isha Sharma,Male,29,Sales,Business Development Executive,Bachelor's,2,48000,3,3,2,1,4,3,2,2,32,No,Travel_Rarely,Married,22,1,2019-11-17,2021-07-22,Yes
EMP0080,Akash Nair,Female,29,Sales,Account Manager,Master's,3,61000,3,1,1,1,2,4,2,3,25,No,Travel_Rarely,Married,6,5,2019-08-21,,No
EMP0081,Amit Mishra,Male,21,Human Resources,Recruiter,Bachelor's,1,24000,0,0,0,0,4,3,2,4,34,No,Travel_Rarely,Married,6,3,2021-10-30,,No
EMP0082,Ravi Malhotra,Female,35,Operations,Process Analyst,Diploma,2,45000,15,3,0,3,3,3,3,2,43,No,Travel_Rarely,Married,19,6,2013-01-14,,No
EMP0083,Diya Patel,Female,32,Sales,Account Manager,Bachelor's,2,46000,8,8,2,3,4,4,3,4,29,No,Travel_Rarely,Married,7,3,2015-02-22,,No
EMP0084,Meera Das,Female,34,Operations,Operations Executive,Bachelor's,3,62000,11,11,3,2,2,3,3,3,43,Yes,Travel_Rarely,Single,9,2,2020-12-05,,No
EMP0085,Vikram Sen,Male,35,Operations,Operations Executive,Bachelor's,3,59000,11,5,3,1,3,2,4,5,37,No,Travel_Rarely,Single,20,4,2026-08-24,,No
EMP0086,Sneha Chatterjee,Female,21,Customer Service,Customer Support Executive,Master's,1,23000,1,0,0,0,3,3,4,4,16,No,Travel_Rarely,Married,8,2,2023-07-27,2025-12-09,Yes
EMP0087,Isha Joshi,Male,42,Operations,Process Analyst,Bachelor's,3,60000,19,5,2,2,4,3,2,2,44,Yes,Travel_Rarely,Single,5,2,2023-11-13,,No
EMP0088,Ravi Joshi,Male,34,Operations,Operations Manager,Bachelor's,3,52000,8,8,3,3,2,3,3,4,34,No,Non-Travel,Single,11,3,2017-02-01,,No
EMP0089,Shreya Chatterjee,Female,37,Research & Development,Research Engineer,Bachelor's,3,59000,16,7,2,2,4,3,4,3,24,No,Travel_Frequently,Married,27,1,2018-01-30,,No
EMP0090,Kavya Joshi,Male,21,Human Resources,HR Manager,Diploma,2,35000,1,0,0,0,3,3,4,3,34,Yes,Travel_Rarely,Married,6,4,2018-02-26,2020-06-11,Yes
EMP0091,Ananya Iyer,Female,21,Human Resources,HR Analyst,Master's,1,28000,0,0,0,0,4,4,4,3,42,No,Travel_Rarely,Single,27,2,2013-08-04,,No
EMP0092,Aarav Banerjee,Female,31,Operations,Operations Manager,Bachelor's,1,28000,6,5,2,2,4,3,2,4,19,No,Non-Travel,Single,5,0,2017-07-02,,No
EMP0093,Rohan Kapoor,Female,38,Customer Service,Customer Service Representative,Bachelor's,3,56000,17,8,4,1,2,2,3,3,40,Yes,Travel_Rarely,Married,14,2,2023-10-14,2025-09-20,Yes
EMP0094,Riya Verma,Female,34,Marketing,Brand Manager,Bachelor's,2,46000,12,5,5,3,3,2,3,3,67,No,Travel_Frequently,Married,5,2,2023-02-23,,No
EMP0095,Aisha Mehta,Male,30,Customer Service,Customer Success Manager,High School,2,38000,8,4,3,4,4,3,4,3,21,No,Travel_Rarely,Single,15,2,2012-10-03,,No
EMP0096,Priya Gupta,Female,29,Research & Development,R&D Manager,Master's,2,45000,6,6,3,4,1,4,3,3,48,Yes,Travel_Rarely,Single,2,4,2018-09-19,,No
EMP0097,Amit Kapoor,Male,21,IT,Data Analyst,Master's,1,33000,0,0,0,0,1,3,3,4,16,No,Travel_Rarely,Single,5,2,2020-06-07,,No
EMP0098,Rahul Mehta,Female,37,Operations,Process Analyst,Master's,4,80000,10,8,4,1,1,3,4,3,5,No,Non-Travel,Married,11,1,2018-08-20,,No
EMP0099,Nikhil Nair,Male,23,Research & Development,Product Researcher,Master's,1,28000,3,1,1,1,4,3,3,3,42,No,Non-Travel,Married,1,1,2020-11-14,,No
EMP0100,Raj Gupta,Female,36,Human Resources,HR Analyst,Diploma,2,34000,16,8,3,1,4,3,3,3,47,No,Travel_Rarely,Divorced,20,4,2020-02-08,,No
EMP0101,Aditya Malhotra,Male,31,Operations,Operations Coordinator,Bachelor's,2,46000,4,4,2,2,4,1,2,3,19,No,Non-Travel,Married,9,3,2021-10-08,,No
EMP0102,Shreya Chatterjee,Female,21,Research & Development,Research Engineer,Master's,1,31000,1,1,0,1,3,4,3,2,66,No,Travel_Rarely,Single,8,0,2019-07-22,,No
EMP0103,Pooja Kapoor,Male,42,Marketing,Digital Marketing Specialist,Master's,4,96000,10,7,2,1,3,4,3,2,63,Yes,Non-Travel,Married,13,5,2012-05-08,,No
EMP0104,Riya Mukherjee,Male,26,Human Resources,HR Executive,Bachelor's,1,26000,6,6,4,0,4,3,3,3,23,No,Non-Travel,Single,11,1,2013-06-04,,No
EMP0105,Vikram Joshi,Male,33,Human Resources,HR Manager,Master's,3,63000,9,6,4,5,1,2,2,3,41,No,Travel_Rarely,Single,1,5,2023-05-26,,No
EMP0106,Sanjay Patel,Male,26,Marketing,Digital Marketing Specialist,Bachelor's,2,42000,3,3,1,0,2,3,3,3,21,Yes,Travel_Rarely,Married,24,1,2019-05-02,,No
EMP0107,Riya Roy,Female,47,IT,Software Engineer,Bachelor's,3,68000,21,4,4,4,3,3,4,3,30,No,Travel_Rarely,Married,6,2,2018-04-04,,No
EMP0108,Diya Mehta,Male,33,Customer Service,Customer Success Manager,Bachelor's,3,56000,13,7,5,3,2,3,3,3,46,Yes,Travel_Frequently,Single,11,1,2019-07-05,,No
EMP0109,Rohan Mukherjee,Male,32,Sales,Business Development Executive,Diploma,2,40000,10,5,2,0,3,2,1,4,20,No,Travel_Rarely,Divorced,10,2,2015-05-06,,No
EMP0110,Abhishek Malhotra,Female,45,Finance,Accountant,Bachelor's,4,83000,12,5,4,0,3,3,1,4,62,No,Travel_Frequently,Single,10,3,2019-09-04,2023-04-28,Yes
EMP0111,Neha Sen,Female,35,Research & Development,Product Researcher,Master's,3,72000,15,6,3,2,3,4,3,4,43,No,Travel_Rarely,Married,7,4,2016-02-16,,No
EMP0112,Diya Patel,Male,37,Research & Development,Product Researcher,Bachelor's,4,91000,14,4,4,1,3,2,2,3,24,No,Travel_Rarely,Single,11,2,2014-12-30,,No
EMP0113,Kavya Reddy,Male,39,IT,Software Engineer,Bachelor's,2,49000,14,5,3,2,3,3,3,3,32,No,Travel_Rarely,Single,2,3,2025-08-03,,No
EMP0114,Diya Malhotra,Male,36,Research & Development,Product Researcher,High School,3,70000,7,7,6,1,3,2,3,3,39,No,Travel_Frequently,Married,6,1,2025-02-23,,No
EMP0115,Siddharth Malhotra,Female,29,IT,DevOps Engineer,Bachelor's,2,41000,1,0,0,0,4,4,3,4,23,Yes,Travel_Rarely,Married,5,3,2016-01-15,2020-01-18,Yes
EMP0116,Isha Mishra,Male,39,Finance,Senior Accountant,Bachelor's,3,64000,17,2,2,2,3,4,3,4,36,No,Travel_Rarely,Divorced,5,1,2022-06-28,,No
EMP0117,Priya Gupta,Male,35,Operations,Process Analyst,Master's,3,60000,4,3,1,1,3,4,3,3,53,No,Travel_Rarely,Single,6,6,2018-06-09,,No
EMP0118,Nikhil Singh,Female,22,Research & Development,Product Researcher,Bachelor's,1,33000,0,0,0,0,4,4,3,3,23,No,Travel_Frequently,Single,2,3,2019-07-03,,No
EMP0119,Raj Mishra,Male,51,Marketing,Marketing Executive,Bachelor's,4,96000,15,8,4,3,3,3,2,3,34,No,Travel_Rarely,Single,9,5,2025-07-27,,No
EMP0120,Akash Verma,Male,33,Finance,Accountant,Bachelor's,2,52000,3,2,0,2,4,2,4,1,51,No,Travel_Frequently,Single,12,5,2022-06-06,,No
EMP0121,Karan Chatterjee,Male,21,IT,Software Engineer,Bachelor's,1,31000,0,0,0,0,4,4,1,4,35,No,Travel_Rarely,Divorced,9,0,2012-07-29,,No
EMP0122,Aisha Mehta,Male,21,Marketing,Marketing Executive,Bachelor's,1,26000,0,0,0,0,2,4,3,5,24,No,Travel_Rarely,Divorced,8,0,2023-01-26,,No
EMP0123,Karan Das,Male,29,Research & Development,Product Researcher,High School,2,40000,4,3,1,3,3,3,3,3,25,No,Travel_Rarely,Single,10,2,2021-05-09,,No
EMP0124,Aditya Reddy,Female,34,Human Resources,HR Manager,Master's,3,55000,0,0,0,0,1,3,3,3,53,No,Travel_Rarely,Married,7,1,2017-08-17,,No
EMP0125,Nikhil Verma,Male,29,Sales,Account Manager,Bachelor's,2,36000,0,0,0,0,3,4,3,3,37,Yes,Travel_Frequently,Single,4,2,2025-07-19,,No
EMP0126,Rohan Mehta,Male,33,Operations,Operations Coordinator,Master's,3,57000,3,2,2,0,4,4,4,4,14,No,Travel_Rarely,Married,2,5,2023-07-19,,No
EMP0127,Nikhil Mukherjee,Male,21,Sales,Sales Executive,Master's,2,47000,0,0,0,0,2,3,2,4,53,No,Travel_Rarely,Married,21,1,2022-09-22,2026-01-29,Yes
EMP0128,Meera Roy,Male,46,Customer Service,Support Analyst,Bachelor's,4,65000,17,10,3,2,3,3,1,3,29,Yes,Travel_Rarely,Single,10,0,2021-04-06,,No
EMP0129,Aditya Kapoor,Female,23,Sales,Account Manager,Bachelor's,1,25000,0,0,0,0,4,4,4,3,43,No,Travel_Frequently,Single,11,1,2020-03-24,,No
EMP0130,Vikram Kapoor,Male,28,Operations,Operations Executive,Bachelor's,1,25000,8,4,1,4,3,4,2,1,39,Yes,Travel_Rarely,Married,4,2,2023-12-22,,No
EMP0131,Aisha Verma,Male,45,Operations,Operations Manager,Master's,4,78000,23,7,4,0,4,2,4,3,40,No,Travel_Frequently,Single,3,3,2016-05-20,2023-07-15,Yes
EMP0132,Vivaan Iyer,Female,21,IT,Data Analyst,Bachelor's,1,34000,1,0,0,0,2,2,4,2,32,No,Travel_Rarely,Married,11,5,2024-09-06,,No
EMP0133,Shreya Banerjee,Male,36,Human Resources,HR Manager,Bachelor's,3,52000,10,5,3,4,3,3,4,3,43,No,Travel_Rarely,Single,20,3,2019-06-27,,No
EMP0134,Vikram Reddy,Female,34,Operations,Operations Coordinator,Bachelor's,3,62000,14,7,4,4,2,3,2,3,32,No,Non-Travel,Married,3,3,2013-01-20,,No
EMP0135,Isha Kapoor,Male,44,Customer Service,Customer Support Executive,Bachelor's,4,68000,13,6,1,3,1,3,3,3,56,No,Non-Travel,Single,20,0,2025-04-30,,No
EMP0136,Sanjay Patel,Male,29,Finance,Senior Accountant,Master's,2,43000,2,2,1,2,3,4,2,3,28,No,Travel_Rarely,Married,4,3,2017-03-15,,No
EMP0137,Nikhil Singh,Male,35,Finance,Finance Manager,Bachelor's,3,71000,13,2,0,0,3,3,3,3,53,No,Non-Travel,Divorced,10,1,2022-04-17,,No
EMP0138,Priya Singh,Male,27,Customer Service,Customer Service Representative,Bachelor's,2,39000,7,7,7,4,2,3,4,3,25,No,Travel_Rarely,Single,16,1,2020-04-12,,No
EMP0139,Akash Mehta,Female,32,Operations,Process Analyst,Bachelor's,2,40000,5,5,5,2,4,4,3,4,57,No,Non-Travel,Married,6,0,2015-11-21,,No
EMP0140,Pooja Roy,Male,26,Sales,Sales Executive,Bachelor's,2,41000,5,1,1,1,4,2,3,1,53,No,Travel_Rarely,Married,13,2,2025-08-03,,No
EMP0141,Vikram Mehta,Male,49,Customer Service,Customer Service Representative,Master's,3,50000,25,4,2,2,3,3,3,4,8,No,Travel_Frequently,Single,18,2,2013-12-03,,No
EMP0142,Akash Singh,Female,32,Marketing,Marketing Analyst,Bachelor's,2,43000,3,2,2,1,3,3,3,5,59,Yes,Travel_Rarely,Married,6,1,2026-06-04,,No
EMP0143,Siddharth Roy,Male,37,Customer Service,Support Analyst,Diploma,3,49000,8,6,4,0,1,2,3,3,21,No,Travel_Rarely,Married,7,3,2013-11-25,,No
EMP0144,Abhishek Roy,Male,36,Research & Development,Product Researcher,Diploma,2,45000,8,5,4,0,4,4,3,2,46,No,Travel_Rarely,Divorced,7,4,2024-12-04,,No
EMP0145,Amit Reddy,Female,21,Marketing,Digital Marketing Specialist,Bachelor's,1,28000,0,0,0,0,4,3,3,3,14,No,Travel_Rarely,Married,9,0,2013-07-09,,No
EMP0146,Sneha Roy,Male,36,Finance,Financial Analyst,Master's,3,66000,8,4,4,1,4,3,4,2,19,Yes,Travel_Frequently,Married,9,1,2019-09-28,,No
EMP0147,Aisha Nair,Male,37,Customer Service,Customer Service Representative,Bachelor's,3,60000,17,5,2,0,2,1,3,3,34,No,Travel_Rarely,Single,12,3,2019-11-07,2020-05-26,Yes
EMP0148,Diya Iyer,Male,41,Marketing,Marketing Executive,Bachelor's,3,66000,19,6,3,2,3,3,3,2,25,No,Non-Travel,Married,4,2,2019-01-14,,No
EMP0149,Aarav Chatterjee,Male,36,Sales,Sales Manager,Bachelor's,3,61000,9,5,1,4,3,2,3,3,33,Yes,Travel_Rarely,Single,4,4,2022-08-15,,No
EMP0150,Sneha Kumar,Female,33,Research & Development,Research Engineer,Diploma,3,69000,1,1,1,1,1,3,4,3,28,No,Travel_Rarely,Single,21,1,2026-05-13,,No
EMP0151,Rohan Chatterjee,Male,41,Finance,Senior Accountant,Master's,4,105000,16,8,3,1,4,3,3,3,42,No,Travel_Rarely,Single,7,2,2020-07-28,,No
EMP0152,Abhishek Malhotra,Male,30,Human Resources,HR Executive,Bachelor's,3,65000,10,3,3,3,4,3,3,4,38,No,Travel_Rarely,Single,9,1,2022-12-17,,No
EMP0153,Diya Verma,Male,32,Human Resources,HR Analyst,Diploma,2,35000,11,8,7,3,4,3,3,3,39,No,Travel_Rarely,Married,4,3,2019-10-29,,No
EMP0154,Raj Kapoor,Female,38,Sales,Sales Executive,Bachelor's,3,60000,16,5,0,1,3,3,1,5,27,No,Travel_Rarely,Married,17,2,2021-06-01,,No
EMP0155,Arjun Kumar,Male,29,Finance,Senior Accountant,Bachelor's,2,47000,4,2,0,2,3,3,2,5,53,No,Travel_Rarely,Married,17,2,2013-09-08,2017-05-10,Yes
EMP0156,Sneha Chatterjee,Male,30,Finance,Senior Accountant,Diploma,2,41000,1,1,0,1,4,3,1,2,28,No,Non-Travel,Single,13,2,2014-03-19,,No
EMP0157,Rahul Verma,Male,21,Human Resources,Recruiter,Master's,1,28000,1,1,0,1,2,3,2,3,45,No,Non-Travel,Married,12,1,2016-03-09,,No
EMP0158,Isha Reddy,Male,32,Finance,Accountant,Master's,2,44000,0,0,0,0,4,3,4,3,26,No,Travel_Rarely,Single,8,3,2022-09-27,,No
EMP0159,Siddharth Banerjee,Female,35,Customer Service,Customer Service Representative,Master's,3,47000,11,8,3,3,3,4,3,3,29,No,Non-Travel,Single,12,1,2014-05-28,,No
EMP0160,Arjun Gupta,Male,48,Human Resources,HR Analyst,Diploma,4,76000,10,5,1,4,3,2,3,4,49,No,Travel_Frequently,Married,26,1,2022-09-29,,No
EMP0161,Rahul Banerjee,Female,39,IT,System Administrator,Bachelor's,4,105000,9,6,3,1,2,3,3,3,35,No,Travel_Rarely,Married,4,5,2021-09-19,,No
EMP0162,Aditya Malhotra,Male,35,Finance,Finance Manager,Bachelor's,2,47000,2,0,0,0,3,4,3,4,32,No,Travel_Rarely,Married,17,3,2017-10-08,,No
EMP0163,Amit Mukherjee,Male,26,IT,IT Support Specialist,PhD,2,48000,4,3,0,3,2,4,4,3,37,No,Travel_Rarely,Single,9,0,2013-09-17,,No
EMP0164,Arjun Verma,Male,47,Operations,Operations Coordinator,Diploma,3,51000,14,2,1,2,2,2,1,3,31,No,Travel_Rarely,Single,1,2,2018-04-29,,No
EMP0165,Ananya Joshi,Female,32,Sales,Sales Manager,Master's,3,56000,7,7,3,3,4,4,4,2,75,No,Travel_Rarely,Married,8,1,2017-04-24,,No
EMP0166,Vikram Reddy,Male,39,Marketing,Brand Manager,Diploma,3,65000,12,0,0,0,4,4,3,4,24,No,Travel_Frequently,Married,2,4,2022-09-16,,No
EMP0167,Aarav Patel,Female,30,Research & Development,Product Researcher,Master's,3,65000,7,7,5,1,3,4,4,3,21,No,Travel_Rarely,Married,4,1,2014-09-09,,No
EMP0168,Neha Banerjee,Female,31,IT,Software Engineer,Master's,1,33000,6,4,4,3,3,2,4,3,52,Yes,Travel_Frequently,Single,1,5,2014-09-20,,No
EMP0169,Diya Gupta,Female,24,Marketing,Marketing Executive,Bachelor's,1,29000,3,2,1,2,3,4,2,3,6,No,Travel_Rarely,Single,1,4,2026-06-18,,Yes
EMP0170,Arjun Sharma,Male,39,Sales,Sales Manager,Bachelor's,3,65000,8,3,2,3,3,1,3,2,39,No,Travel_Rarely,Married,11,2,2016-11-23,,No
EMP0171,Varun Das,Male,44,Operations,Process Analyst,Master's,3,56000,8,8,5,0,4,2,4,3,28,No,Non-Travel,Married,4,3,2021-08-19,,No
EMP0172,Karan Mishra,Female,30,Research & Development,Research Engineer,Diploma,1,30000,0,0,0,0,4,3,3,5,63,No,Non-Travel,Single,6,1,2013-08-26,,No
EMP0173,Shreya Sen,Female,38,Marketing,Marketing Executive,Bachelor's,4,78000,11,4,3,2,3,3,3,4,29,No,Non-Travel,Married,1,0,2017-02-16,,No
EMP0174,Arjun Verma,Male,31,Sales,Sales Executive,Master's,3,66000,6,6,4,4,2,4,3,3,33,No,Travel_Rarely,Divorced,12,2,2013-05-25,2015-05-28,Yes
EMP0175,Aarav Kumar,Male,47,IT,IT Support Specialist,Bachelor's,4,88000,26,7,4,0,3,3,3,2,26,No,Travel_Rarely,Single,3,2,2018-09-17,,No
EMP0176,Abhishek Singh,Female,27,Human Resources,Recruiter,Bachelor's,2,39000,3,0,0,0,4,3,1,4,51,No,Travel_Rarely,Single,30,1,2013-09-11,,No
EMP0177,Arjun Iyer,Female,33,IT,System Administrator,Bachelor's,3,75000,6,2,2,2,2,1,2,1,61,No,Travel_Rarely,Married,11,4,2017-07-29,2019-06-28,Yes
EMP0178,Varun Kumar,Female,30,Sales,Sales Executive,Bachelor's,2,43000,8,5,5,2,3,3,4,3,13,No,Travel_Rarely,Single,4,3,2024-06-22,,No
EMP0179,Rahul Kumar,Female,42,Sales,Sales Manager,High School,4,87000,15,5,4,3,4,1,1,3,44,No,Travel_Rarely,Divorced,19,0,2012-07-21,,No
EMP0180,Abhishek Nair,Male,32,Finance,Senior Accountant,Bachelor's,3,73000,7,7,7,2,4,3,2,3,34,Yes,Travel_Rarely,Married,6,2,2012-10-16,,No
EMP0181,Aditya Iyer,Female,26,Marketing,Marketing Analyst,Bachelor's,1,27000,0,0,0,0,3,3,4,4,42,Yes,Travel_Rarely,Divorced,13,6,2016-02-22,,No
EMP0182,Pooja Verma,Male,39,Customer Service,Customer Service Representative,Bachelor's,3,46000,9,5,1,0,4,4,4,1,23,No,Travel_Rarely,Married,7,1,2014-02-03,,No
EMP0183,Akash Nair,Male,34,IT,Data Analyst,Diploma,3,71000,11,4,3,4,4,4,3,4,35,No,Travel_Frequently,Single,2,3,2013-11-26,,No
EMP0184,Siddharth Reddy,Male,27,IT,IT Support Specialist,Diploma,2,49000,3,3,0,2,3,4,4,3,35,No,Travel_Rarely,Married,11,1,2016-12-31,,No
EMP0185,Karan Mishra,Female,34,Sales,Sales Manager,Bachelor's,2,44000,13,11,2,1,3,2,3,4,37,No,Travel_Rarely,Married,16,3,2013-10-15,,No
EMP0186,Vikram Chatterjee,Female,26,IT,Data Analyst,Bachelor's,3,60000,0,0,0,0,2,2,3,3,27,No,Travel_Rarely,Divorced,10,1,2012-06-16,,No
EMP0187,Sanjay Iyer,Female,28,Finance,Financial Analyst,Master's,2,40000,5,5,2,0,2,1,4,5,51,Yes,Travel_Rarely,Single,2,3,2025-11-24,,No
EMP0188,Aditya Malhotra,Female,27,Sales,Sales Executive,Bachelor's,3,58000,3,3,2,3,3,4,2,4,56,No,Non-Travel,Divorced,17,1,2012-11-23,,No
EMP0189,Riya Nair,Female,35,Customer Service,Support Analyst,Bachelor's,2,39000,10,3,3,2,2,2,2,3,30,No,Non-Travel,Married,8,2,2017-04-10,,No
EMP0190,Neha Nair,Female,30,Research & Development,Research Analyst,Bachelor's,1,33000,4,0,0,0,3,3,4,3,53,No,Travel_Rarely,Single,7,2,2020-05-04,,No
EMP0191,Sneha Mehta,Male,31,Research & Development,Product Researcher,Bachelor's,3,69000,8,8,6,1,3,2,3,3,28,No,Travel_Rarely,Single,4,2,2022-05-05,,No
EMP0192,Manish Malhotra,Female,43,Human Resources,HR Executive,Bachelor's,3,50000,13,7,3,2,3,4,4,4,8,No,Travel_Rarely,Divorced,10,0,2020-06-21,,No
EMP0193,Amit Gupta,Male,21,Operations,Process Analyst,High School,2,41000,0,0,0,0,4,4,3,3,5,Yes,Travel_Frequently,Married,9,2,2022-10-20,,No
EMP0194,Rahul Mehta,Male,31,IT,Data Analyst,High School,2,42000,10,7,4,2,3,3,3,4,31,No,Travel_Rarely,Married,10,0,2019-01-07,,No
EMP0195,Rohan Malhotra,Female,41,Human Resources,HR Executive,Master's,5,130000,10,0,0,0,4,3,4,3,14,Yes,Travel_Rarely,Single,10,2,2015-04-18,,No
EMP0196,Isha Mehta,Female,35,Human Resources,Recruiter,Bachelor's,3,49000,9,1,0,1,2,3,3,2,43,No,Travel_Frequently,Divorced,9,1,2020-07-17,,No
EMP0197,Manish Malhotra,Male,30,Operations,Operations Manager,Diploma,2,44000,5,5,4,0,3,3,2,3,38,No,Travel_Rarely,Divorced,2,1,2026-02-04,,No
EMP0198,Priya Iyer,Male,46,Finance,Accountant,Bachelor's,4,98000,15,7,5,2,4,4,1,3,18,No,Travel_Rarely,Single,8,1,2020-04-03,,No
EMP0199,Aisha Das,Female,50,Finance,Accountant,Master's,4,93000,19,5,3,2,1,1,3,2,55,No,Travel_Frequently,Single,5,1,2013-06-11,,No
EMP0200,Ravi Patel,Male,33,Research & Development,Research Analyst,Bachelor's,3,65000,6,6,1,3,3,3,1,3,24,No,Travel_Rarely,Married,10,3,2023-11-16,,No
EMP0201,Diya Chatterjee,Male,37,IT,IT Support Specialist,Master's,3,62000,11,4,4,4,2,3,3,3,32,No,Travel_Rarely,Single,22,3,2012-05-03,,No
EMP0202,Siddharth Chatterjee,Female,43,Research & Development,Research Analyst,Bachelor's,4,100000,9,7,5,1,3,3,2,3,32,Yes,Travel_Frequently,Single,4,2,2021-10-04,2024-09-18,Yes
EMP0203,Meera Kumar,Male,27,Marketing,Marketing Executive,Bachelor's,1,32000,0,0,0,0,2,3,4,3,37,No,Travel_Rarely,Single,1,2,2020-06-11,,No
EMP0204,Isha Kapoor,Female,42,Research & Development,Research Engineer,Diploma,4,86000,9,7,4,0,4,4,3,4,38,No,Travel_Rarely,Married,8,4,2014-06-17,,No
EMP0205,Meera Gupta,Female,27,Human Resources,HR Manager,Diploma,3,57000,7,7,3,5,3,4,3,5,28,No,Travel_Rarely,Single,2,1,2013-04-06,,No
EMP0206,Pooja Reddy,Female,33,Marketing,Brand Manager,High School,4,84000,6,6,4,3,4,3,4,2,41,Yes,Travel_Rarely,Married,12,3,2014-01-03,,No
EMP0207,Riya Das,Female,34,Operations,Operations Coordinator,Bachelor's,3,50000,13,4,1,3,3,3,2,3,5,No,Travel_Rarely,Single,3,0,2020-08-21,,No
EMP0208,Priya Verma,Male,25,Research & Development,Product Researcher,High School,2,45000,5,2,2,2,4,3,3,3,19,No,Non-Travel,Married,3,2,2014-10-10,,No
EMP0209,Varun Iyer,Female,45,Operations,Process Analyst,Bachelor's,4,73000,9,4,4,4,2,3,4,3,40,No,Travel_Rarely,Single,12,0,2013-01-08,,No
EMP0210,Rahul Patel,Male,45,Customer Service,Customer Support Executive,Bachelor's,4,81000,18,2,2,0,3,2,4,3,35,Yes,Non-Travel,Single,4,5,2019-11-05,,No
EMP0211,Ananya Mukherjee,Female,35,Customer Service,Customer Service Representative,Bachelor's,3,48000,11,7,4,4,3,3,4,3,25,No,Travel_Rarely,Married,2,5,2017-07-24,,No
EMP0212,Nikhil Patel,Male,24,Customer Service,Customer Service Representative,Bachelor's,1,24000,0,0,0,0,4,4,3,3,34,Yes,Travel_Rarely,Single,12,4,2011-12-17,,No
EMP0213,Rohan Gupta,Female,48,IT,Data Analyst,Master's,4,92000,18,5,4,2,3,4,3,3,55,No,Travel_Rarely,Single,6,3,2022-03-25,,No
EMP0214,Kavya Sen,Male,27,Sales,Sales Executive,Bachelor's,2,39000,7,7,4,1,4,3,3,3,19,No,Non-Travel,Single,2,2,2017-12-17,,No
EMP0215,Sanjay Kumar,Male,29,Marketing,Digital Marketing Specialist,Master's,1,32000,0,0,0,0,4,4,4,3,26,No,Travel_Rarely,Married,22,1,2026-06-18,,No
EMP0216,Diya Kumar,Female,43,Customer Service,Support Analyst,Bachelor's,4,73000,13,6,2,0,4,4,3,4,15,No,Travel_Rarely,Married,9,0,2019-10-20,,No
EMP0217,Sanjay Gupta,Female,46,Human Resources,Recruiter,Diploma,3,53000,14,4,4,0,3,4,4,3,10,No,Travel_Rarely,Single,8,3,2019-09-24,,No
EMP0218,Sanjay Chatterjee,Male,22,Operations,Process Analyst,Bachelor's,1,28000,0,0,0,0,4,3,4,3,15,No,Non-Travel,Married,16,3,2022-12-26,2025-08-13,Yes
EMP0219,Kavya Chatterjee,Male,21,Human Resources,HR Manager,Bachelor's,2,41000,1,1,0,1,4,4,4,3,39,No,Travel_Rarely,Single,18,0,2019-03-22,,No
EMP0220,Rahul Banerjee,Female,43,IT,IT Support Specialist,Master's,4,92000,8,7,4,2,2,4,3,4,29,Yes,Travel_Rarely,Married,12,1,2020-10-22,,No
EMP0221,Neha Reddy,Male,33,Finance,Finance Manager,Master's,4,85000,7,6,3,2,4,3,1,1,47,No,Travel_Rarely,Married,26,3,2018-10-05,2023-07-22,Yes
EMP0222,Kavya Malhotra,Male,30,Sales,Sales Executive,Bachelor's,2,45000,4,4,4,2,4,3,3,4,24,No,Travel_Rarely,Married,4,0,2019-10-26,,No
EMP0223,Rahul Reddy,Male,47,Finance,Accountant,High School,3,71000,16,10,5,3,3,2,3,4,41,No,Travel_Rarely,Married,9,4,2025-09-26,,No
EMP0224,Vivaan Das,Female,39,IT,Software Engineer,Bachelor's,3,63000,15,5,5,5,3,3,3,3,47,No,Travel_Rarely,Single,7,3,2026-08-08,,No
EMP0225,Kavya Kumar,Female,29,Human Resources,HR Analyst,Diploma,3,56000,9,9,2,1,4,2,2,2,47,Yes,Travel_Rarely,Single,5,1,2023-06-30,,No
EMP0226,Sneha Nair,Male,34,IT,DevOps Engineer,Bachelor's,3,60000,7,7,2,4,4,3,1,3,43,No,Travel_Rarely,Married,3,2,2015-02-08,,No
EMP0227,Manish Joshi,Male,25,Sales,Business Development Executive,Bachelor's,1,27000,0,0,0,0,4,3,1,4,42,No,Travel_Frequently,Single,13,3,2018-10-10,,No
EMP0228,Arjun Das,Female,38,IT,Software Engineer,Bachelor's,4,95000,14,6,5,0,2,3,3,3,40,No,Non-Travel,Married,7,5,2015-11-12,2020-11-04,Yes
EMP0229,Meera Kumar,Female,26,Research & Development,R&D Manager,Master's,2,42000,6,3,3,2,2,3,1,4,61,Yes,Travel_Rarely,Married,5,1,2024-07-09,,No
EMP0230,Rahul Sen,Male,23,Operations,Operations Executive,Master's,2,37000,0,0,0,0,4,4,3,3,50,No,Travel_Rarely,Single,32,3,2026-06-14,,No
EMP0231,Nikhil Joshi,Female,34,Finance,Finance Manager,Bachelor's,3,57000,3,3,2,3,3,3,3,3,68,No,Travel_Rarely,Single,4,1,2024-04-13,,No
EMP0232,Shreya Roy,Male,36,Human Resources,HR Analyst,Master's,4,81000,8,2,1,2,1,3,2,5,30,Yes,Travel_Rarely,Married,8,0,2020-10-21,,No
EMP0233,Aditya Iyer,Male,54,Research & Development,Research Analyst,Bachelor's,5,145000,17,9,5,3,2,3,3,2,61,No,Travel_Rarely,Single,12,2,2013-10-19,,No
EMP0234,Shreya Chatterjee,Female,36,Finance,Senior Accountant,Bachelor's,4,80000,11,5,3,4,1,2,3,3,53,No,Travel_Rarely,Married,6,1,2021-11-29,2026-08-30,Yes
EMP0235,Vikram Verma,Male,31,Operations,Process Analyst,Bachelor's,2,35000,10,7,4,2,2,4,3,4,26,No,Travel_Rarely,Single,20,3,2016-02-26,,No
EMP0236,Abhishek Reddy,Male,30,Finance,Finance Manager,Bachelor's,1,30000,1,0,0,0,4,4,3,4,48,No,Travel_Rarely,Divorced,21,0,2014-10-12,,No
EMP0237,Aarav Joshi,Female,39,Customer Service,Support Analyst,Master's,4,76000,7,5,3,3,4,3,2,4,45,Yes,Travel_Rarely,Married,22,2,2018-12-24,,No
EMP0238,Aisha Nair,Female,37,Finance,Finance Manager,Bachelor's,3,59000,15,9,2,3,3,4,2,3,39,No,Travel_Rarely,Married,12,5,2024-01-18,,No
EMP0239,Nikhil Kapoor,Female,33,Finance,Accountant,Bachelor's,3,60000,3,0,0,0,3,3,4,3,19,No,Travel_Rarely,Married,7,1,2018-12-28,,No
EMP0240,Manish Mukherjee,Female,22,Customer Service,Customer Success Manager,Bachelor's,2,39000,2,0,0,0,1,2,3,2,25,Yes,Travel_Rarely,Married,16,3,2018-03-10,,No
EMP0241,Rohan Roy,Female,27,Marketing,Digital Marketing Specialist,High School,2,45000,2,0,0,0,4,2,4,4,44,No,Travel_Rarely,Married,13,1,2017-02-02,,No
EMP0242,Raj Chatterjee,Female,39,IT,IT Support Specialist,Master's,3,62000,8,8,3,2,4,3,3,1,40,Yes,Travel_Rarely,Married,2,4,2021-09-12,,No
EMP0243,Abhishek Mukherjee,Female,36,Finance,Accountant,Bachelor's,3,72000,11,7,1,4,3,2,2,3,44,No,Travel_Rarely,Married,8,0,2014-09-05,,No
EMP0244,Sanjay Kumar,Male,29,Research & Development,Research Engineer,Master's,1,32000,9,4,1,3,3,4,3,4,44,No,Travel_Rarely,Married,21,0,2013-05-25,,No
EMP0245,Priya Joshi,Male,37,Human Resources,HR Executive,Bachelor's,3,58000,15,11,5,2,3,3,3,4,50,No,Travel_Rarely,Single,27,2,2025-08-17,,No
EMP0246,Pooja Sharma,Male,30,Operations,Operations Coordinator,Bachelor's,2,46000,5,5,1,2,4,2,1,4,44,No,Travel_Rarely,Single,16,0,2017-07-07,,No
EMP0247,Diya Sharma,Female,49,Operations,Operations Coordinator,Bachelor's,4,86000,16,3,3,3,3,3,2,2,35,No,Travel_Rarely,Married,2,2,2025-10-27,2026-06-18,Yes
EMP0248,Sanjay Nair,Female,40,Finance,Senior Accountant,Master's,3,58000,11,10,5,3,4,2,3,3,58,Yes,Non-Travel,Married,16,4,2024-04-11,2025-05-29,Yes
EMP0249,Abhishek Kumar,Male,35,Research & Development,R&D Manager,High School,3,63000,5,5,3,5,3,3,3,3,58,No,Travel_Rarely,Married,4,3,2013-05-22,,No
EMP0250,Kavya Das,Male,32,Marketing,Marketing Executive,Master's,2,49000,10,3,3,1,3,4,1,3,39,Yes,Travel_Rarely,Married,9,1,2024-01-01,,No
EMP0251,Siddharth Mishra,Male,29,Operations,Operations Executive,Bachelor's,2,38000,5,4,2,2,2,1,3,3,11,No,Travel_Rarely,Married,1,1,2019-06-22,,No
EMP0252,Ravi Joshi,Male,30,Human Resources,HR Manager,Bachelor's,2,42000,4,3,1,0,2,3,3,2,29,No,Travel_Frequently,Married,11,1,2026-03-22,,No
EMP0253,Diya Patel,Male,33,Finance,Senior Accountant,Bachelor's,4,94000,5,5,1,1,3,2,3,2,39,Yes,Travel_Rarely,Single,3,1,2026-07-20,,No
EMP0254,Riya Mishra,Female,34,Operations,Process Analyst,Bachelor's,4,71000,8,3,3,1,3,4,3,3,17,Yes,Travel_Rarely,Married,1,4,2019-03-14,,No
EMP0255,Meera Iyer,Male,43,Marketing,Brand Manager,Bachelor's,4,87000,15,3,2,3,3,4,4,3,33,No,Travel_Rarely,Married,20,2,2013-06-23,,No
EMP0256,Ravi Sharma,Female,33,IT,DevOps Engineer,Master's,3,76000,13,5,3,1,2,1,3,4,38,No,Travel_Rarely,Single,3,2,2020-07-25,,No
EMP0257,Manish Malhotra,Female,21,Marketing,Digital Marketing Specialist,Bachelor's,1,27000,1,0,0,0,3,3,3,4,39,No,Travel_Rarely,Single,5,4,2023-04-17,2024-09-04,Yes
EMP0258,Rahul Malhotra,Female,29,Human Resources,HR Analyst,High School,3,58000,9,4,2,2,4,2,3,3,41,No,Travel_Rarely,Married,12,2,2020-06-19,,No
EMP0259,Meera Roy,Male,31,Operations,Operations Executive,Bachelor's,2,36000,9,6,4,5,4,4,3,3,45,Yes,Travel_Rarely,Single,1,2,2026-06-01,,No
EMP0260,Aditya Joshi,Male,29,Finance,Senior Accountant,Master's,2,45000,2,0,0,0,3,3,3,3,58,Yes,Travel_Rarely,Single,7,2,2026-03-12,,No
EMP0261,Rohan Gupta,Male,43,Sales,Sales Manager,Bachelor's,4,95000,13,4,2,4,2,3,3,3,38,No,Travel_Rarely,Single,13,0,2014-08-18,,No
EMP0262,Rahul Mishra,Female,58,IT,DevOps Engineer,Bachelor's,4,82000,16,10,3,3,4,3,3,5,11,No,Travel_Frequently,Married,7,1,2018-02-13,,No
EMP0263,Karan Iyer,Female,21,Research & Development,R&D Manager,Master's,1,33000,1,0,0,0,3,4,4,3,53,No,Travel_Rarely,Married,11,4,2019-06-13,,No
EMP0264,Shreya Malhotra,Male,30,Customer Service,Support Analyst,High School,1,21000,10,6,2,0,3,4,3,4,36,No,Travel_Rarely,Married,11,2,2025-03-19,2026-06-14,Yes
EMP0265,Kavya Das,Male,40,Human Resources,HR Executive,Master's,4,93000,11,3,3,3,3,3,3,2,57,No,Travel_Rarely,Married,3,1,2020-04-24,,No
EMP0266,Raj Malhotra,Male,23,Human Resources,Recruiter,Bachelor's,1,23000,3,1,1,1,4,3,4,3,18,Yes,Travel_Rarely,Married,11,2,2024-09-21,,No
EMP0267,Kavya Sharma,Male,50,Finance,Finance Manager,Diploma,4,101000,18,8,5,4,3,3,3,3,37,No,Travel_Rarely,Divorced,4,5,2020-09-03,,No
EMP0268,Isha Kapoor,Female,47,Research & Development,Research Engineer,Bachelor's,4,103000,15,4,2,0,3,3,3,4,40,No,Travel_Frequently,Married,5,2,2016-11-30,,No
EMP0269,Nikhil Gupta,Male,23,Customer Service,Customer Success Manager,Bachelor's,2,39000,3,3,3,3,3,1,3,3,22,No,Travel_Rarely,Married,29,1,2025-03-23,,No
EMP0270,Aditya Kumar,Male,40,Sales,Sales Executive,Master's,3,53000,12,6,2,6,3,3,3,5,37,Yes,Travel_Rarely,Single,5,0,2022-11-06,,No
EMP0271,Karan Joshi,Male,37,IT,DevOps Engineer,Bachelor's,3,64000,17,1,1,1,3,3,3,3,41,No,Non-Travel,Single,6,2,2020-09-20,,No
EMP0272,Aisha Reddy,Female,49,IT,Software Engineer,Bachelor's,5,128000,23,4,3,4,4,3,3,3,52,No,Travel_Rarely,Divorced,6,1,2021-12-17,,No
EMP0273,Riya Sharma,Male,21,Customer Service,Customer Service Representative,Bachelor's,1,27000,0,0,0,0,3,2,3,3,28,No,Travel_Rarely,Single,4,1,2021-09-10,,No
EMP0274,Riya Mehta,Female,21,Operations,Operations Coordinator,Master's,1,27000,1,1,0,1,4,3,3,3,17,No,Travel_Rarely,Married,7,3,2018-11-04,,No
EMP0275,Sneha Joshi,Male,26,Marketing,Digital Marketing Specialist,Bachelor's,2,41000,3,3,3,1,4,3,3,3,38,No,Travel_Rarely,Married,19,2,2015-11-11,,No
EMP0276,Vikram Singh,Male,31,Finance,Accountant,Master's,2,44000,4,4,2,1,2,2,2,3,38,Yes,Non-Travel,Married,6,0,2026-08-22,,No
EMP0277,Aarav Kapoor,Female,31,Research & Development,Product Researcher,Bachelor's,2,42000,2,1,1,1,4,4,4,3,61,No,Travel_Frequently,Single,9,4,2016-09-28,,No
EMP0278,Rohan Roy,Male,23,Customer Service,Support Analyst,High School,2,40000,3,3,3,1,3,4,4,3,62,Yes,Travel_Rarely,Single,7,3,2011-12-13,2017-03-02,Yes
EMP0279,Aisha Malhotra,Male,36,Operations,Process Analyst,Bachelor's,2,40000,9,6,3,4,3,4,3,3,45,No,Travel_Rarely,Married,1,0,2019-12-13,,No
EMP0280,Ananya Iyer,Male,46,Human Resources,HR Manager,Master's,5,106000,14,9,2,5,4,3,4,3,27,No,Travel_Rarely,Married,25,0,2011-12-24,,No
EMP0281,Neha Mishra,Female,42,Operations,Operations Coordinator,Bachelor's,4,80000,9,7,4,0,3,3,3,2,30,No,Travel_Rarely,Married,7,2,2021-11-07,,No
EMP0282,Ananya Mukherjee,Male,27,Marketing,Marketing Analyst,Diploma,1,32000,3,0,0,0,4,4,2,3,27,No,Travel_Rarely,Married,8,0,2019-09-23,,No
EMP0283,Kavya Mehta,Female,39,Research & Development,Research Analyst,Bachelor's,3,56000,4,4,4,1,3,2,2,4,24,No,Travel_Rarely,Married,18,3,2013-05-12,2021-07-23,Yes
EMP0284,Akash Banerjee,Male,41,Marketing,Marketing Analyst,Bachelor's,4,75000,9,7,3,4,4,4,4,4,5,No,Travel_Rarely,Single,20,1,2012-04-12,,No
EMP0285,Akash Kumar,Female,31,Sales,Sales Manager,Diploma,1,25000,6,3,3,1,1,4,3,2,45,No,Travel_Rarely,Single,4,2,2017-08-25,,No
EMP0286,Aditya Reddy,Male,39,Finance,Finance Manager,Diploma,3,58000,2,2,0,2,3,2,1,3,45,No,Travel_Frequently,Married,6,2,2023-11-20,,No
EMP0287,Pooja Iyer,Male,28,Human Resources,HR Analyst,Bachelor's,2,42000,4,2,0,2,3,3,3,3,42,No,Travel_Rarely,Married,7,1,2021-09-02,,No
EMP0288,Isha Kumar,Male,22,IT,Software Engineer,Master's,1,30000,0,0,0,0,2,3,3,3,42,No,Travel_Rarely,Single,13,2,2021-06-01,,No
EMP0289,Shreya Verma,Female,28,Operations,Operations Manager,Bachelor's,2,38000,7,7,5,2,3,2,4,3,69,No,Travel_Rarely,Single,5,2,2017-02-18,,No
EMP0290,Raj Sen,Female,31,Marketing,Marketing Analyst,Bachelor's,2,46000,8,6,4,2,3,2,1,2,54,Yes,Travel_Rarely,Married,14,1,2025-09-23,,No
EMP0291,Priya Sharma,Male,28,IT,Data Analyst,Bachelor's,3,69000,8,7,5,0,2,3,1,2,59,Yes,Travel_Rarely,Single,17,1,2022-12-09,,No
EMP0292,Meera Roy,Male,28,Human Resources,HR Executive,Bachelor's,2,37000,8,3,3,3,3,2,4,3,45,No,Non-Travel,Divorced,18,2,2017-05-06,,No
EMP0293,Meera Verma,Female,36,IT,Data Analyst,Master's,3,59000,9,7,3,2,3,4,3,3,18,No,Travel_Rarely,Married,29,1,2012-09-15,,No
EMP0294,Pooja Joshi,Male,35,Research & Development,Product Researcher,Master's,2,41000,10,10,6,0,4,2,2,3,35,No,Travel_Rarely,Single,1,1,2014-06-12,,No
EMP0295,Akash Sharma,Female,42,Research & Development,Research Engineer,Diploma,4,105000,10,8,6,2,2,2,3,4,44,No,Travel_Rarely,Single,18,2,2026-03-21,,No
EMP0296,Pooja Das,Male,26,Finance,Finance Manager,Master's,3,69000,1,1,1,1,4,4,3,3,35,No,Travel_Rarely,Single,19,1,2012-08-24,,No
EMP0297,Meera Kapoor,Male,24,Research & Development,Research Engineer,Bachelor's,1,33000,3,3,2,0,3,3,4,3,29,No,Travel_Rarely,Married,11,2,2021-11-03,,No
EMP0298,Ananya Kapoor,Male,34,IT,DevOps Engineer,Bachelor's,3,65000,7,7,7,2,1,4,4,3,22,No,Travel_Rarely,Married,2,0,2020-06-14,,No
EMP0299,Vikram Mehta,Female,46,Human Resources,Recruiter,Bachelor's,4,90000,14,5,5,0,2,3,1,4,26,Yes,Travel_Frequently,Single,18,3,2022-08-25,2023-04-27,Yes
EMP0300,Riya Reddy,Female,36,Marketing,Marketing Executive,Bachelor's,3,66000,6,6,2,4,1,4,2,3,50,No,Non-Travel,Married,9,1,2013-02-14,,No
EMP0301,Varun Nair,Female,42,IT,DevOps Engineer,High School,4,85000,22,3,2,3,1,3,4,5,73,Yes,Travel_Rarely,Married,5,0,2016-01-05,2023-11-14,Yes
EMP0302,Akash Malhotra,Female,43,Human Resources,HR Analyst,Master's,4,75000,23,7,2,6,3,3,3,3,34,Yes,Travel_Rarely,Married,17,3,2023-01-30,,No
EMP0303,Rahul Kapoor,Female,21,Research & Development,Product Researcher,Bachelor's,2,47000,0,0,0,0,4,4,3,3,45,No,Travel_Rarely,Single,7,1,2023-12-31,,No
EMP0304,Manish Kapoor,Female,40,Marketing,Marketing Analyst,Bachelor's,4,86000,17,9,2,5,3,4,4,3,26,No,Travel_Frequently,Single,14,0,2018-07-01,,No
EMP0305,Karan Banerjee,Male,32,Marketing,Digital Marketing Specialist,Bachelor's,1,27000,9,6,3,2,2,3,4,3,16,Yes,Travel_Rarely,Married,9,3,2024-07-10,,No
EMP0306,Varun Patel,Female,21,Research & Development,Research Engineer,Master's,1,34000,0,0,0,0,4,4,2,3,37,Yes,Travel_Rarely,Single,10,1,2013-01-06,,No
EMP0307,Priya Mukherjee,Female,38,Customer Service,Support Analyst,Diploma,4,66000,17,10,1,0,4,4,4,4,18,No,Travel_Rarely,Single,7,1,2023-07-10,2025-07-11,Yes
EMP0308,Riya Mishra,Male,51,Finance,Accountant,Master's,4,93000,24,6,5,4,3,3,3,3,26,Yes,Travel_Rarely,Single,10,1,2014-09-22,,No
EMP0309,Neha Malhotra,Female,27,Customer Service,Customer Success Manager,Bachelor's,1,22000,4,3,3,0,4,2,2,3,53,No,Travel_Rarely,Single,11,4,2025-07-30,,No
EMP0310,Kavya Verma,Male,38,Marketing,Brand Manager,Master's,3,69000,8,5,3,5,2,3,3,3,42,No,Travel_Rarely,Single,7,1,2018-08-07,,No
EMP0311,Sneha Sen,Female,50,Research & Development,Research Engineer,Master's,4,98000,17,8,3,0,2,3,2,4,26,Yes,Travel_Rarely,Single,8,2,2025-09-09,,No
EMP0312,Sanjay Chatterjee,Male,29,Sales,Business Development Executive,High School,2,46000,5,5,4,0,2,3,2,3,50,Yes,Travel_Rarely,Married,20,4,2014-12-06,,No
EMP0313,Vikram Sharma,Male,35,IT,System Administrator,Bachelor's,2,43000,4,4,4,4,4,3,1,3,37,Yes,Travel_Rarely,Single,5,1,2026-07-26,,No
EMP0314,Arjun Sharma,Male,29,Customer Service,Customer Support Executive,Bachelor's,3,51000,6,2,1,1,4,4,3,3,26,Yes,Travel_Rarely,Divorced,8,3,2024-05-03,,No
EMP0315,Aarav Roy,Male,29,Marketing,Marketing Analyst,Master's,2,44000,2,2,2,1,1,3,3,3,37,No,Travel_Frequently,Single,18,0,2013-02-24,,No
EMP0316,Ravi Reddy,Female,35,IT,DevOps Engineer,Bachelor's,4,86000,4,2,2,1,3,3,2,4,31,No,Travel_Rarely,Married,2,3,2016-11-11,,No
EMP0317,Riya Mishra,Male,34,Marketing,Marketing Analyst,Diploma,3,60000,13,0,0,0,3,3,3,3,5,Yes,Travel_Rarely,Married,7,1,2014-10-17,,No
EMP0318,Abhishek Mishra,Female,46,Human Resources,Recruiter,Bachelor's,3,52000,19,3,0,1,4,2,4,3,31,Yes,Travel_Rarely,Divorced,14,2,2020-12-25,,No
EMP0319,Varun Kumar,Male,42,Finance,Financial Analyst,High School,3,71000,10,2,2,1,4,3,3,3,27,No,Travel_Rarely,Single,2,3,2013-07-18,,No
EMP0320,Neha Mishra,Male,29,Research & Development,Product Researcher,Bachelor's,1,27000,9,9,4,3,3,2,2,3,39,No,Travel_Frequently,Divorced,4,2,2016-10-02,,No
EMP0321,Karan Singh,Male,37,Research & Development,R&D Manager,Master's,3,69000,7,7,3,0,4,3,4,3,5,No,Travel_Rarely,Single,6,2,2024-08-03,,No
EMP0322,Kavya Roy,Male,54,Research & Development,R&D Manager,High School,5,135000,16,2,2,2,4,3,3,4,25,No,Travel_Rarely,Married,16,4,2012-11-12,,No
EMP0323,Meera Reddy,Female,25,Marketing,Brand Manager,Bachelor's,1,27000,1,0,0,0,4,3,4,3,34,No,Non-Travel,Married,7,1,2015-10-17,,No
EMP0324,Ravi Kapoor,Male,39,Customer Service,Customer Success Manager,Bachelor's,3,54000,12,5,2,2,3,4,2,3,23,Yes,Travel_Rarely,Married,13,1,2015-06-10,,No
EMP0325,Arjun Patel,Male,21,Research & Development,Product Researcher,Master's,1,34000,1,1,1,1,4,4,3,3,58,No,Non-Travel,Single,6,1,2019-04-12,,No
EMP0326,Vikram Mishra,Male,27,Human Resources,HR Manager,Diploma,2,39000,1,0,0,0,3,4,4,3,54,Yes,Travel_Frequently,Divorced,5,1,2011-11-03,,No
EMP0327,Ananya Sharma,Male,35,Research & Development,Research Analyst,Bachelor's,3,56000,6,3,3,1,2,3,3,3,55,No,Non-Travel,Married,19,1,2017-12-31,,No
EMP0328,Pooja Singh,Male,52,Human Resources,HR Executive,High School,5,127000,14,9,5,0,4,3,4,3,50,No,Non-Travel,Single,7,1,2015-10-05,,No
EMP0329,Diya Sen,Female,37,Human Resources,HR Analyst,Bachelor's,3,61000,17,6,5,0,1,4,3,4,22,No,Travel_Rarely,Married,1,5,2013-03-20,,No
EMP0330,Rohan Das,Female,26,Marketing,Marketing Analyst,Bachelor's,2,43000,2,2,2,0,3,3,2,4,40,No,Travel_Frequently,Married,5,2,2025-04-29,,No
EMP0331,Nikhil Chatterjee,Male,21,Operations,Process Analyst,PhD,1,26000,0,0,0,0,3,2,3,3,41,No,Travel_Rarely,Single,11,2,2025-06-06,,No
EMP0332,Diya Singh,Male,30,IT,IT Support Specialist,Diploma,2,51000,5,2,1,0,4,4,4,3,18,No,Travel_Rarely,Married,6,2,2012-01-06,,No
EMP0333,Nikhil Chatterjee,Male,39,Sales,Business Development Executive,Bachelor's,3,60000,13,6,2,4,4,2,3,3,37,No,Travel_Frequently,Married,34,3,2016-02-11,,No
EMP0334,Priya Mehta,Female,32,IT,Data Analyst,Bachelor's,2,42000,9,9,5,4,4,3,3,4,28,No,Travel_Rarely,Married,18,2,2018-06-23,,No
EMP0335,Vikram Banerjee,Female,40,IT,Data Analyst,Bachelor's,3,65000,13,5,5,2,4,4,1,3,40,No,Travel_Rarely,Single,7,2,2023-09-29,,No
EMP0336,Riya Sen,Male,27,Sales,Business Development Executive,Bachelor's,2,46000,7,6,4,1,1,3,3,3,39,No,Travel_Frequently,Single,20,2,2018-07-17,,No
EMP0337,Sneha Roy,Female,42,Sales,Account Manager,Master's,4,79000,18,5,5,5,4,2,3,3,49,No,Travel_Rarely,Single,5,1,2013-12-18,,No
EMP0338,Kavya Mishra,Male,37,IT,IT Support Specialist,Master's,3,66000,11,2,0,2,2,3,1,4,5,No,Travel_Rarely,Married,9,2,2014-01-27,,No
EMP0339,Vikram Chatterjee,Male,42,Marketing,Digital Marketing Specialist,Bachelor's,4,85000,15,4,1,4,3,3,3,2,25,Yes,Travel_Rarely,Single,13,2,2025-09-25,,No
EMP0340,Arjun Singh,Male,40,Operations,Process Analyst,Master's,2,38000,9,0,0,0,3,2,2,3,33,No,Travel_Rarely,Single,2,3,2022-04-27,,No
EMP0341,Vivaan Das,Male,30,Sales,Account Manager,Master's,2,42000,7,6,2,2,4,3,3,3,16,No,Travel_Rarely,Single,2,1,2023-09-23,,No
EMP0342,Abhishek Iyer,Female,44,Sales,Account Manager,Bachelor's,3,67000,13,4,1,2,3,4,3,4,65,Yes,Travel_Frequently,Single,7,3,2019-11-30,,No
EMP0343,Nikhil Banerjee,Female,46,Operations,Operations Coordinator,Diploma,4,70000,17,6,2,5,2,3,4,3,13,No,Travel_Rarely,Married,6,2,2020-11-10,,No
EMP0344,Raj Das,Male,25,Sales,Business Development Executive,Bachelor's,1,27000,0,0,0,0,3,3,3,5,10,No,Travel_Rarely,Married,1,1,2025-01-06,,No
EMP0345,Isha Malhotra,Female,33,Finance,Accountant,Diploma,3,70000,4,1,0,1,4,3,3,3,39,No,Travel_Rarely,Married,4,0,2015-09-18,,No
EMP0346,Aisha Patel,Female,35,Customer Service,Customer Success Manager,Bachelor's,3,45000,14,7,3,3,2,4,4,4,31,No,Non-Travel,Single,24,3,2015-02-09,,No
EMP0347,Diya Reddy,Female,34,Research & Development,Research Engineer,Master's,3,67000,5,2,0,0,3,4,3,4,42,No,Travel_Rarely,Married,4,2,2013-10-06,,No
EMP0348,Shreya Joshi,Male,40,Human Resources,Recruiter,Master's,2,39000,18,6,2,2,4,1,3,5,23,Yes,Travel_Rarely,Single,6,2,2021-06-11,,No
EMP0349,Aisha Banerjee,Female,33,Customer Service,Support Analyst,Bachelor's,3,57000,6,6,3,2,2,2,3,4,52,No,Travel_Rarely,Single,2,2,2014-07-30,,No
EMP0350,Aditya Sharma,Male,36,Research & Development,R&D Manager,Diploma,4,84000,13,2,0,0,2,4,4,4,54,No,Travel_Frequently,Married,20,0,2021-12-14,,No
EMP0351,Pooja Iyer,Male,37,Finance,Accountant,High School,3,67000,8,4,4,0,3,4,3,3,20,No,Travel_Rarely,Single,22,1,2012-08-11,,No
EMP0352,Nikhil Mukherjee,Male,29,Research & Development,Research Analyst,Master's,1,32000,7,7,2,1,4,4,4,3,32,Yes,Travel_Frequently,Single,5,1,2022-05-11,,No
EMP0353,Vikram Patel,Female,22,Marketing,Marketing Executive,Bachelor's,2,48000,1,0,0,0,1,3,4,3,44,No,Travel_Rarely,Divorced,4,3,2018-05-15,,No
EMP0354,Vivaan Sen,Female,25,Marketing,Marketing Executive,Bachelor's,1,25000,0,0,0,0,3,3,3,4,38,Yes,Travel_Rarely,Single,7,3,2013-06-26,,No
EMP0355,Ananya Kumar,Male,21,Marketing,Marketing Analyst,High School,2,48000,0,0,0,0,2,2,3,3,57,No,Travel_Rarely,Single,12,2,2017-01-21,,No
EMP0356,Raj Joshi,Female,43,Operations,Operations Executive,Bachelor's,5,127000,12,6,4,4,4,4,4,3,44,No,Travel_Rarely,Married,6,3,2015-07-07,,No
EMP0357,Varun Mukherjee,Male,32,Marketing,Marketing Executive,Bachelor's,1,26000,3,3,3,3,3,3,4,4,50,Yes,Travel_Rarely,Single,4,4,2017-08-26,2023-01-07,Yes
EMP0358,Aarav Chatterjee,Female,41,Research & Development,R&D Manager,Master's,4,83000,13,10,4,1,3,1,4,3,10,No,Travel_Rarely,Married,15,1,2017-11-16,,No
EMP0359,Ananya Das,Male,24,Customer Service,Support Analyst,Master's,2,42000,4,4,4,4,4,3,2,3,7,No,Travel_Rarely,Married,16,0,2011-12-14,,No
EMP0360,Aarav Nair,Male,42,Sales,Account Manager,Master's,4,81000,12,1,1,1,3,1,3,2,33,No,Travel_Frequently,Single,13,1,2025-03-16,,No
EMP0361,Nikhil Das,Male,37,Human Resources,HR Analyst,Master's,3,52000,12,10,2,3,3,4,4,4,33,Yes,Travel_Rarely,Divorced,7,6,2026-02-01,,No
EMP0362,Ananya Nair,Female,29,Operations,Process Analyst,Diploma,1,24000,7,6,1,6,4,3,3,2,54,No,Travel_Rarely,Single,23,4,2022-10-16,,No
EMP0363,Karan Sen,Male,22,Research & Development,Research Analyst,Master's,1,31000,2,2,1,2,2,3,4,4,38,Yes,Non-Travel,Married,1,2,2017-05-19,,No
EMP0364,Aarav Mehta,Male,49,IT,Software Engineer,Bachelor's,4,108000,15,1,0,0,4,4,3,3,46,No,Travel_Rarely,Single,9,1,2013-05-02,,No
EMP0365,Aarav Reddy,Female,40,Research & Development,Research Analyst,Master's,3,66000,4,3,3,3,3,3,3,3,70,No,Non-Travel,Married,12,2,2019-05-22,,No
EMP0366,Meera Chatterjee,Female,28,Human Resources,HR Executive,Bachelor's,3,50000,2,2,2,2,3,3,2,3,24,No,Travel_Frequently,Single,8,1,2016-01-05,2018-09-01,Yes
EMP0367,Aarav Malhotra,Male,29,Customer Service,Customer Service Representative,Bachelor's,2,35000,5,3,3,3,3,4,4,5,24,Yes,Travel_Rarely,Single,7,0,2012-09-20,,No
EMP0368,Karan Joshi,Male,46,Human Resources,HR Manager,High School,5,123000,20,8,1,0,2,3,3,4,5,Yes,Travel_Rarely,Single,4,0,2015-08-17,,No
EMP0369,Ravi Chatterjee,Female,24,Sales,Account Manager,Master's,1,26000,4,3,3,3,1,4,2,3,48,No,Non-Travel,Single,6,1,2019-04-30,,No
EMP0370,Varun Reddy,Male,44,Human Resources,Recruiter,Master's,5,101000,9,6,3,2,4,3,3,2,45,Yes,Travel_Rarely,Married,23,4,2024-03-04,2025-05-07,Yes
EMP0371,Abhishek Malhotra,Male,37,Sales,Account Manager,High School,3,63000,7,4,4,3,3,1,2,2,21,No,Travel_Frequently,Single,5,1,2022-06-09,,No
EMP0372,Karan Mishra,Female,30,Research & Development,R&D Manager,Bachelor's,2,42000,6,5,0,1,3,3,3,3,30,Yes,Travel_Rarely,Single,6,0,2021-02-25,2022-12-19,Yes
EMP0373,Karan Das,Female,45,Sales,Business Development Executive,PhD,5,105000,16,4,4,2,3,3,3,3,47,Yes,Non-Travel,Single,9,1,2022-05-27,,No
EMP0374,Rahul Roy,Male,35,Operations,Process Analyst,Bachelor's,3,61000,11,7,3,0,3,4,3,2,16,Yes,Travel_Rarely,Single,14,0,2012-05-31,,No
EMP0375,Arjun Patel,Female,29,Research & Development,Product Researcher,Master's,2,53000,0,0,0,0,4,2,2,3,53,Yes,Travel_Rarely,Single,6,3,2016-09-16,2023-10-06,Yes
EMP0376,Neha Roy,Female,43,Human Resources,HR Manager,Bachelor's,5,105000,11,9,1,5,3,2,3,3,29,No,Travel_Rarely,Single,8,1,2024-07-07,2025-05-22,Yes
EMP0377,Arjun Iyer,Male,31,Human Resources,Recruiter,Bachelor's,2,36000,4,3,3,2,2,4,4,4,60,No,Travel_Rarely,Single,17,3,2020-12-29,,No
EMP0378,Neha Singh,Female,42,Research & Development,Product Researcher,Bachelor's,3,66000,19,5,3,2,4,2,3,3,40,No,Travel_Frequently,Married,11,4,2011-11-16,,No
EMP0379,Vivaan Roy,Female,37,IT,IT Support Specialist,Bachelor's,3,75000,7,5,0,5,4,4,3,3,42,No,Non-Travel,Married,6,0,2016-08-25,,No
EMP0380,Diya Verma,Female,34,Sales,Sales Executive,Bachelor's,3,54000,11,5,1,1,4,4,4,2,46,No,Travel_Rarely,Married,6,1,2020-11-07,,No
EMP0381,Sanjay Mukherjee,Female,28,IT,Software Engineer,Bachelor's,2,54000,3,0,0,0,3,3,4,4,15,No,Travel_Rarely,Single,8,3,2013-07-30,,No
EMP0382,Priya Roy,Male,36,Operations,Operations Executive,Bachelor's,2,40000,8,3,2,1,3,3,2,3,40,Yes,Travel_Rarely,Single,2,1,2019-04-10,,No
EMP0383,Arjun Mehta,Female,49,Finance,Accountant,Master's,4,91000,20,6,5,0,3,3,1,3,48,No,Travel_Rarely,Married,7,4,2022-04-22,,No
EMP0384,Vikram Kapoor,Female,21,Research & Development,Product Researcher,Master's,2,53000,0,0,0,0,4,4,1,4,11,No,Non-Travel,Married,10,1,2018-03-25,,No
EMP0385,Aditya Das,Male,28,Sales,Sales Manager,Master's,2,40000,0,0,0,0,3,3,3,5,46,No,Non-Travel,Single,1,0,2021-09-19,,No
EMP0386,Aarav Chatterjee,Male,34,IT,Data Analyst,Bachelor's,4,96000,11,10,3,3,3,3,3,4,7,No,Travel_Rarely,Married,3,3,2024-01-24,,No
EMP0387,Diya Malhotra,Male,31,Marketing,Digital Marketing Specialist,Bachelor's,2,44000,11,7,4,2,3,3,4,3,54,No,Travel_Frequently,Married,5,1,2015-05-15,,No
EMP0388,Diya Gupta,Female,45,Human Resources,HR Manager,High School,3,62000,14,9,3,0,3,2,3,3,48,No,Non-Travel,Single,5,1,2019-06-22,,No
EMP0389,Meera Kapoor,Female,28,Marketing,Marketing Executive,Bachelor's,3,63000,5,5,4,2,3,2,3,3,50,Yes,Travel_Rarely,Divorced,10,2,2019-03-11,,No
EMP0390,Diya Mehta,Female,21,Human Resources,HR Analyst,Diploma,1,30000,0,0,0,0,3,1,3,2,16,Yes,Travel_Rarely,Single,8,2,2019-10-11,2020-11-19,Yes
EMP0391,Shreya Singh,Female,37,Finance,Finance Manager,Diploma,2,45000,10,4,1,0,4,3,4,5,19,No,Travel_Rarely,Married,5,3,2023-03-27,,No
EMP0392,Abhishek Mukherjee,Male,43,Customer Service,Customer Success Manager,High School,4,77000,18,4,4,1,3,3,3,3,37,Yes,Travel_Frequently,Married,4,0,2021-01-30,,No
EMP0393,Diya Gupta,Female,39,Customer Service,Support Analyst,Bachelor's,2,42000,11,9,3,1,2,2,3,4,53,No,Non-Travel,Divorced,2,0,2020-03-10,2025-04-10,Yes
EMP0394,Siddharth Kumar,Male,26,Research & Development,Research Engineer,Master's,1,30000,0,0,0,0,3,3,4,3,45,No,Travel_Rarely,Married,11,2,2016-10-18,2017-04-26,Yes
EMP0395,Rohan Kumar,Male,33,Research & Development,Research Analyst,Master's,3,73000,3,0,0,0,3,3,3,3,28,Yes,Travel_Rarely,Divorced,18,1,2013-04-04,,No
EMP0396,Sneha Malhotra,Male,21,Customer Service,Customer Success Manager,Bachelor's,1,23000,0,0,0,0,3,2,3,3,26,No,Travel_Rarely,Single,26,3,2018-12-06,,No
EMP0397,Nikhil Mishra,Male,30,IT,System Administrator,Bachelor's,2,45000,8,8,3,0,4,1,3,3,49,Yes,Travel_Rarely,Married,10,2,2013-11-18,,No
EMP0398,Rahul Kapoor,Male,33,Operations,Process Analyst,Bachelor's,3,53000,2,0,0,0,3,3,3,3,35,Yes,Travel_Rarely,Married,3,2,2021-01-01,,No
EMP0399,Abhishek Gupta,Male,33,Human Resources,HR Manager,Master's,4,84000,11,7,3,3,3,3,4,4,39,No,Travel_Rarely,Married,20,2,2021-02-13,,No
EMP0400,Aditya Das,Female,28,IT,IT Support Specialist,Bachelor's,2,50000,6,1,0,0,2,3,4,3,37,No,Travel_Rarely,Single,6,1,2014-06-03,,No
EMP0401,Sanjay Mishra,Female,37,Marketing,Digital Marketing Specialist,PhD,3,68000,1,1,1,0,3,4,2,1,41,No,Travel_Rarely,Single,19,0,2012-06-30,,No
EMP0402,Kavya Malhotra,Male,30,Sales,Business Development Executive,Bachelor's,1,30000,4,4,3,4,1,2,2,3,40,No,Travel_Rarely,Married,11,3,2012-06-01,2019-02-17,Yes
EMP0403,Riya Mukherjee,Male,29,Finance,Financial Analyst,Bachelor's,1,35000,7,5,5,3,1,2,2,3,42,No,Travel_Rarely,Divorced,18,0,2013-12-22,,No
EMP0404,Abhishek Joshi,Female,32,Research & Development,Product Researcher,Bachelor's,2,46000,11,5,3,3,3,2,4,5,48,No,Travel_Rarely,Single,8,3,2018-10-23,,No
EMP0405,Arjun Joshi,Male,28,Operations,Process Analyst,High School,2,42000,3,0,0,0,3,2,3,3,20,No,Travel_Frequently,Single,17,0,2024-03-08,,No
EMP0406,Sanjay Nair,Male,31,Sales,Account Manager,Bachelor's,3,59000,7,7,4,2,1,3,3,3,49,No,Travel_Rarely,Single,10,1,2020-08-13,,No
EMP0407,Riya Das,Female,29,Human Resources,HR Executive,Bachelor's,2,38000,7,2,1,2,2,4,3,3,21,No,Travel_Rarely,Married,10,1,2024-10-24,,No
EMP0408,Manish Reddy,Male,30,Customer Service,Support Analyst,Diploma,2,41000,4,4,3,2,3,2,3,3,26,No,Non-Travel,Married,3,1,2013-04-16,,No
EMP0409,Aarav Gupta,Male,23,Operations,Operations Manager,Bachelor's,1,28000,3,3,3,3,4,3,3,3,26,No,Travel_Rarely,Married,3,0,2023-01-31,,No
EMP0410,Priya Kapoor,Male,40,IT,IT Support Specialist,Diploma,4,99000,14,6,4,3,3,4,3,2,54,Yes,Travel_Rarely,Married,15,0,2015-06-11,,No
EMP0411,Rohan Chatterjee,Female,41,Research & Development,Research Analyst,Bachelor's,4,88000,16,7,5,0,3,3,3,3,17,Yes,Non-Travel,Single,11,1,2025-01-06,,No
EMP0412,Shreya Mukherjee,Female,40,Marketing,Marketing Analyst,Bachelor's,2,48000,12,4,3,2,2,3,4,3,59,No,Travel_Rarely,Single,12,1,2021-05-13,,No
EMP0413,Sneha Nair,Male,26,Finance,Accountant,Bachelor's,2,44000,6,6,3,0,2,3,4,2,20,Yes,Travel_Rarely,Single,2,2,2026-07-07,,No
EMP0414,Riya Joshi,Female,39,Marketing,Marketing Executive,Bachelor's,3,55000,13,7,3,0,4,3,3,3,50,No,Non-Travel,Married,5,0,2019-04-19,,No
EMP0415,Raj Banerjee,Male,31,Marketing,Marketing Analyst,Bachelor's,3,54000,11,5,2,3,3,4,2,4,27,Yes,Travel_Rarely,Single,18,4,2024-08-16,,No
EMP0416,Akash Sen,Female,33,Sales,Sales Executive,Bachelor's,3,63000,6,6,5,3,3,3,3,3,21,Yes,Travel_Rarely,Married,3,0,2018-06-27,,No
EMP0417,Pooja Banerjee,Male,40,Customer Service,Customer Success Manager,Bachelor's,3,52000,13,6,6,0,4,2,1,4,7,No,Travel_Rarely,Single,5,3,2022-03-30,,No
EMP0418,Siddharth Kapoor,Female,26,Customer Service,Customer Service Representative,Bachelor's,2,39000,6,5,3,2,2,2,3,3,45,No,Travel_Rarely,Married,16,2,2013-03-16,,No
EMP0419,Sanjay Nair,Male,26,Marketing,Digital Marketing Specialist,Bachelor's,2,44000,1,1,0,1,3,2,2,3,31,No,Travel_Rarely,Married,12,2,2021-07-17,,No
EMP0420,Ravi Roy,Male,35,Marketing,Digital Marketing Specialist,Master's,2,49000,10,6,5,1,3,3,3,2,39,No,Travel_Rarely,Single,5,2,2013-08-23,,No
EMP0421,Diya Patel,Female,31,Customer Service,Customer Success Manager,Master's,2,32000,2,2,1,2,3,4,4,3,45,No,Travel_Rarely,Single,10,4,2026-08-29,,No
EMP0422,Manish Joshi,Male,44,Sales,Sales Manager,Master's,4,84000,10,5,3,2,3,4,4,4,35,No,Travel_Frequently,Single,7,3,2014-02-27,,No
EMP0423,Ananya Iyer,Male,44,IT,IT Support Specialist,Bachelor's,4,102000,10,10,2,1,2,3,3,3,36,Yes,Travel_Rarely,Single,1,5,2022-06-03,,No
EMP0424,Amit Chatterjee,Male,24,IT,Software Engineer,Master's,1,31000,4,3,3,3,2,3,3,4,26,No,Travel_Rarely,Single,4,1,2017-01-23,,No
EMP0425,Aisha Sharma,Female,40,Customer Service,Customer Success Manager,Master's,3,49000,15,2,1,2,4,3,4,3,40,No,Travel_Rarely,Married,16,1,2026-03-20,,No
EMP0426,Vivaan Kumar,Female,22,Research & Development,R&D Manager,Master's,1,35000,2,1,1,1,3,3,4,2,26,Yes,Travel_Rarely,Single,7,2,2021-03-14,,No
EMP0427,Amit Kapoor,Female,45,Research & Development,Research Analyst,Bachelor's,4,106000,9,5,3,3,2,3,3,1,68,Yes,Travel_Rarely,Married,13,0,2014-03-31,2026-04-27,Yes
EMP0428,Nikhil Mishra,Female,27,Customer Service,Customer Success Manager,Master's,2,33000,3,0,0,0,2,2,3,3,45,No,Non-Travel,Single,15,2,2020-08-02,,No
EMP0429,Amit Malhotra,Male,32,IT,DevOps Engineer,Bachelor's,2,43000,10,1,1,0,4,4,2,4,48,Yes,Travel_Rarely,Single,15,2,2017-08-06,2022-03-20,Yes
EMP0430,Rahul Malhotra,Male,24,Customer Service,Support Analyst,Bachelor's,2,35000,0,0,0,0,2,2,4,4,23,Yes,Travel_Rarely,Single,2,3,2021-06-08,,No
EMP0431,Shreya Singh,Female,30,Marketing,Digital Marketing Specialist,Bachelor's,2,44000,5,5,4,1,2,3,3,3,36,No,Travel_Rarely,Married,6,3,2022-01-14,2025-02-27,Yes
EMP0432,Rohan Banerjee,Female,33,Customer Service,Customer Support Executive,Master's,3,48000,10,5,5,3,4,2,2,2,43,No,Travel_Rarely,Married,12,1,2025-05-12,,No
EMP0433,Raj Sen,Female,36,IT,Software Engineer,Bachelor's,3,57000,10,3,3,3,3,3,3,5,45,No,Travel_Rarely,Single,10,1,2023-01-22,,No
EMP0434,Priya Iyer,Male,21,Operations,Operations Coordinator,Diploma,1,29000,1,0,0,0,1,2,4,4,64,No,Travel_Frequently,Single,3,2,2017-08-31,,No
EMP0435,Manish Kumar,Male,33,Customer Service,Customer Support Executive,PhD,3,58000,5,5,1,3,4,2,4,3,5,No,Non-Travel,Single,10,0,2016-12-01,,No
EMP0436,Neha Kumar,Male,49,Research & Development,R&D Manager,Master's,3,59000,26,5,2,3,3,3,4,3,29,No,Non-Travel,Married,6,2,2015-01-30,,No
EMP0437,Aditya Singh,Female,36,Human Resources,HR Manager,Master's,3,51000,5,5,5,3,3,3,2,5,38,Yes,Travel_Rarely,Single,18,1,2013-06-26,,No
EMP0438,Neha Das,Female,42,IT,System Administrator,Bachelor's,4,96000,17,6,2,3,3,3,4,4,35,Yes,Non-Travel,Married,18,4,2026-07-21,,No
EMP0439,Siddharth Kumar,Female,31,IT,System Administrator,Bachelor's,3,73000,6,0,0,0,4,3,4,4,5,No,Travel_Rarely,Single,8,2,2012-11-07,,No
EMP0440,Diya Banerjee,Female,32,Sales,Account Manager,Bachelor's,1,28000,2,2,0,0,2,4,3,2,46,Yes,Travel_Rarely,Single,8,1,2026-04-11,,No
EMP0441,Siddharth Mishra,Male,37,Research & Development,R&D Manager,Master's,3,63000,8,7,6,1,4,3,3,2,14,No,Travel_Rarely,Single,11,0,2020-06-19,,No
EMP0442,Riya Sen,Male,31,Customer Service,Customer Success Manager,Bachelor's,2,41000,8,5,5,0,3,1,3,3,52,Yes,Travel_Rarely,Single,8,0,2022-11-14,,No
EMP0443,Siddharth Joshi,Male,32,Research & Development,R&D Manager,Master's,1,29000,7,6,4,4,3,4,3,3,50,Yes,Travel_Rarely,Married,21,2,2024-02-13,2024-09-26,Yes
EMP0444,Kavya Das,Male,34,Customer Service,Customer Service Representative,Master's,3,57000,14,3,2,0,4,3,3,4,13,Yes,Travel_Rarely,Married,4,0,2015-11-06,,No
EMP0445,Vivaan Patel,Male,34,Marketing,Marketing Analyst,Bachelor's,3,61000,11,5,5,3,3,3,3,5,22,No,Travel_Rarely,Single,7,1,2025-04-23,,No
EMP0446,Vikram Das,Male,21,IT,Software Engineer,High School,1,27000,1,1,1,1,3,3,3,3,70,No,Travel_Rarely,Single,5,1,2025-08-05,,No
EMP0447,Vikram Reddy,Female,37,Sales,Sales Manager,Bachelor's,2,41000,8,2,1,0,4,3,2,2,26,No,Non-Travel,Single,10,3,2025-10-20,,No
EMP0448,Pooja Singh,Male,29,Research & Development,Research Engineer,High School,2,41000,1,0,0,0,2,2,3,5,49,No,Travel_Frequently,Married,12,3,2016-04-11,,No
EMP0449,Amit Reddy,Male,27,IT,Software Engineer,Master's,2,53000,7,4,2,4,4,4,4,3,24,No,Travel_Rarely,Married,11,1,2022-08-31,,No
EMP0450,Varun Sen,Female,29,Research & Development,Research Engineer,Bachelor's,2,50000,5,2,1,0,3,3,1,4,18,No,Travel_Rarely,Married,6,1,2026-04-03,,No
EMP0451,Nikhil Nair,Male,37,Marketing,Digital Marketing Specialist,Bachelor's,3,54000,13,8,3,0,3,3,3,4,21,No,Travel_Rarely,Married,11,4,2018-05-05,,No
EMP0452,Aisha Nair,Female,30,Operations,Operations Coordinator,Master's,2,45000,1,1,1,1,3,3,4,3,40,Yes,Travel_Rarely,Married,25,1,2014-01-09,,No
EMP0453,Neha Chatterjee,Male,36,IT,Software Engineer,Bachelor's,3,61000,13,8,3,0,3,2,4,3,51,No,Travel_Rarely,Single,1,2,2016-11-05,,No
EMP0454,Akash Mehta,Male,34,Operations,Process Analyst,Master's,3,50000,14,8,1,3,3,4,4,4,31,No,Non-Travel,Single,33,1,2021-07-31,,No
EMP0455,Amit Das,Female,43,Sales,Sales Executive,Bachelor's,4,92000,13,7,4,5,2,2,3,4,21,No,Travel_Rarely,Married,14,4,2013-12-27,,No
EMP0456,Sneha Banerjee,Female,38,Sales,Sales Manager,Bachelor's,3,52000,11,8,3,1,4,2,4,3,47,No,Non-Travel,Single,4,3,2021-01-25,,No
EMP0457,Vikram Verma,Male,42,Customer Service,Customer Support Executive,Bachelor's,3,58000,6,3,3,0,4,4,4,3,40,No,Travel_Frequently,Single,1,1,2011-12-26,,No
EMP0458,Kavya Patel,Male,35,Operations,Operations Coordinator,Bachelor's,4,82000,10,10,5,2,1,4,3,3,29,No,Non-Travel,Married,1,2,2026-07-28,,No
EMP0459,Diya Nair,Male,39,Marketing,Marketing Analyst,High School,4,80000,9,5,5,5,3,3,4,4,24,No,Travel_Rarely,Married,13,1,2025-08-17,,No
EMP0460,Nikhil Mukherjee,Female,39,Customer Service,Customer Support Executive,Diploma,4,70000,7,7,4,1,3,3,3,4,32,No,Travel_Rarely,Single,9,0,2023-03-28,,No
EMP0461,Kavya Banerjee,Female,36,Human Resources,HR Executive,Master's,2,46000,8,6,5,2,3,2,4,4,5,No,Non-Travel,Single,6,1,2020-02-16,,No
EMP0462,Kavya Mukherjee,Male,35,Sales,Account Manager,Master's,3,60000,15,2,0,1,3,4,4,5,42,No,Travel_Frequently,Married,17,3,2023-09-21,,No
EMP0463,Akash Mukherjee,Male,39,Human Resources,HR Analyst,Bachelor's,3,58000,14,7,7,6,3,3,4,3,24,Yes,Travel_Rarely,Married,4,0,2013-08-07,2023-08-15,Yes
EMP0464,Ravi Mishra,Male,41,Research & Development,Research Analyst,Bachelor's,4,89000,19,4,3,0,3,3,3,3,51,No,Travel_Rarely,Single,8,3,2022-09-28,,No
EMP0465,Isha Gupta,Male,31,Human Resources,HR Analyst,Diploma,2,39000,10,6,1,4,4,4,2,3,29,No,Travel_Rarely,Divorced,7,5,2020-01-17,,No
EMP0466,Arjun Sen,Female,23,Sales,Sales Executive,Bachelor's,1,29000,0,0,0,0,3,2,3,3,38,No,Non-Travel,Single,10,3,2024-12-26,,No
EMP0467,Abhishek Chatterjee,Female,21,Finance,Accountant,Bachelor's,2,45000,1,1,0,1,2,3,4,3,35,No,Travel_Rarely,Married,9,3,2020-03-22,,No
EMP0468,Varun Sen,Male,28,Human Resources,HR Analyst,Bachelor's,2,38000,7,2,1,2,2,4,2,3,48,No,Travel_Rarely,Married,3,2,2019-05-14,,No
EMP0469,Vikram Iyer,Female,27,Sales,Sales Manager,Bachelor's,2,45000,4,4,4,2,4,4,3,2,36,No,Travel_Rarely,Married,9,1,2024-09-12,,No
EMP0470,Riya Joshi,Male,40,Research & Development,Research Analyst,Master's,2,52000,11,11,3,0,2,1,4,3,16,No,Travel_Frequently,Single,1,2,2023-09-23,,No
EMP0471,Aisha Malhotra,Male,31,IT,System Administrator,Bachelor's,2,40000,3,1,1,1,4,3,3,2,22,Yes,Travel_Rarely,Single,10,1,2017-06-29,,No
EMP0472,Rohan Chatterjee,Female,34,Human Resources,HR Executive,Bachelor's,3,52000,11,7,4,5,1,1,3,3,42,No,Travel_Rarely,Single,15,1,2014-06-22,2020-05-03,Yes
EMP0473,Manish Sen,Female,39,Research & Development,R&D Manager,Bachelor's,4,105000,9,4,4,2,3,3,1,2,52,No,Travel_Frequently,Single,8,3,2024-03-09,,No
EMP0474,Vikram Das,Male,32,Human Resources,Recruiter,Bachelor's,2,40000,7,1,1,0,4,3,4,3,32,No,Travel_Rarely,Single,3,2,2021-04-07,,No
EMP0475,Pooja Iyer,Male,40,Research & Development,Product Researcher,Bachelor's,3,60000,16,4,3,0,1,4,3,3,18,No,Travel_Frequently,Married,3,3,2016-07-13,,No
EMP0476,Kavya Chatterjee,Male,36,Sales,Business Development Executive,Bachelor's,2,47000,9,6,4,1,4,4,4,4,23,Yes,Travel_Rarely,Married,2,3,2019-06-12,,No
EMP0477,Manish Iyer,Male,26,Operations,Process Analyst,Master's,2,40000,6,4,3,3,3,4,2,4,26,No,Non-Travel,Single,4,2,2015-08-27,,No
EMP0478,Ravi Mehta,Female,21,Sales,Sales Executive,Master's,1,29000,1,0,0,0,4,3,2,5,52,No,Travel_Rarely,Single,6,0,2011-12-14,2020-10-01,Yes
EMP0479,Abhishek Singh,Male,34,Finance,Financial Analyst,Bachelor's,3,60000,4,3,3,3,4,2,4,3,42,No,Travel_Rarely,Divorced,4,2,2019-11-26,2025-12-02,Yes
EMP0480,Ravi Sen,Male,39,Finance,Senior Accountant,Bachelor's,2,41000,10,0,0,0,3,2,2,4,44,No,Travel_Rarely,Single,17,2,2024-12-14,2025-07-15,Yes
EMP0481,Rohan Kumar,Female,36,Finance,Finance Manager,Bachelor's,2,40000,16,2,2,2,4,3,3,3,47,No,Travel_Rarely,Divorced,24,2,2026-02-19,,No
EMP0482,Siddharth Roy,Female,31,Operations,Operations Coordinator,Bachelor's,3,64000,10,5,4,3,2,3,3,3,20,Yes,Travel_Rarely,Single,6,1,2021-03-08,,No
EMP0483,Priya Sharma,Male,27,Operations,Operations Executive,Master's,3,62000,2,2,0,0,4,2,3,4,23,No,Travel_Rarely,Single,11,1,2013-03-03,,No
EMP0484,Arjun Sharma,Male,37,IT,DevOps Engineer,Master's,3,58000,9,3,2,3,4,2,3,4,14,No,Travel_Rarely,Married,15,2,2017-01-26,,No
EMP0485,Manish Sen,Female,30,Sales,Account Manager,Diploma,2,46000,9,2,0,0,1,1,3,4,36,Yes,Non-Travel,Married,14,3,2021-09-03,2025-08-03,Yes
EMP0486,Siddharth Nair,Male,25,IT,DevOps Engineer,Master's,1,30000,0,0,0,0,3,3,3,4,29,No,Travel_Rarely,Married,1,4,2022-03-04,,No
EMP0487,Ravi Sen,Female,40,Operations,Operations Executive,Bachelor's,3,57000,9,6,4,0,2,2,3,2,32,No,Travel_Rarely,Married,5,0,2026-01-21,,No
EMP0488,Sneha Nair,Male,26,Research & Development,Research Engineer,Master's,2,44000,2,2,0,2,1,3,3,4,32,No,Travel_Rarely,Married,22,2,2015-01-10,2022-06-10,Yes
EMP0489,Shreya Banerjee,Male,39,IT,DevOps Engineer,Bachelor's,3,77000,12,6,2,2,1,3,4,4,51,No,Travel_Rarely,Single,6,1,2016-04-10,,No
EMP0490,Priya Singh,Female,35,Research & Development,Product Researcher,Bachelor's,4,96000,2,2,2,2,3,3,3,2,23,No,Travel_Frequently,Married,6,4,2011-11-05,,No
EMP0491,Nikhil Verma,Male,31,Finance,Accountant,Master's,2,49000,10,3,3,0,4,4,3,3,26,No,Non-Travel,Single,11,2,2019-10-15,2021-07-27,Yes
EMP0492,Rohan Chatterjee,Male,33,Operations,Operations Executive,Bachelor's,4,83000,12,3,3,3,3,2,3,3,26,No,Travel_Rarely,Single,16,2,2015-09-17,,No
EMP0493,Abhishek Das,Male,33,Human Resources,HR Analyst,Master's,3,56000,8,6,2,2,3,2,3,3,12,No,Travel_Rarely,Married,14,1,2025-09-27,,No
EMP0494,Ravi Patel,Male,40,Human Resources,HR Manager,Bachelor's,2,40000,8,5,4,3,3,3,4,3,41,Yes,Travel_Rarely,Single,9,2,2023-10-09,,No
EMP0495,Rohan Banerjee,Male,39,Marketing,Digital Marketing Specialist,Master's,4,98000,8,7,3,2,4,2,2,3,21,No,Non-Travel,Married,21,3,2026-03-25,,No
EMP0496,Sneha Mehta,Male,21,Human Resources,Recruiter,Bachelor's,1,23000,0,0,0,0,3,4,3,3,36,No,Travel_Rarely,Married,10,2,2016-05-29,,No
EMP0497,Karan Iyer,Female,35,Customer Service,Customer Support Executive,Master's,3,54000,12,1,1,0,3,4,3,3,29,Yes,Non-Travel,Single,9,3,2019-08-25,,No
EMP0498,Vivaan Iyer,Male,38,Operations,Operations Coordinator,Bachelor's,3,62000,9,4,2,4,3,3,3,2,25,No,Travel_Rarely,Single,3,3,2013-08-11,,No
EMP0499,Kavya Joshi,Male,34,Sales,Business Development Executive,Diploma,4,85000,4,4,3,2,1,1,2,3,44,No,Travel_Rarely,Married,2,0,2017-12-01,,No
EMP0500,Shreya Mishra,Female,30,Marketing,Marketing Executive,Bachelor's,2,43000,1,1,1,1,3,4,4,4,40,No,Non-Travel,Married,8,1,2015-02-09,,No
EMP0501,Akash Verma,Female,30,Finance,Senior Accountant,Bachelor's,2,39000,1,1,1,1,3,3,4,3,32,Yes,Travel_Rarely,Single,11,0,2021-02-16,2024-02-22,Yes
EMP0502,Sanjay Kapoor,Male,22,Human Resources,HR Manager,Master's,1,25000,2,0,0,0,3,3,3,3,32,No,Travel_Rarely,Married,4,3,2023-10-27,,No
EMP0503,Riya Sharma,Female,21,IT,Data Analyst,Master's,1,32000,0,0,0,0,3,3,3,3,36,No,Travel_Frequently,Single,6,1,2020-07-10,2025-05-07,Yes
EMP0504,Karan Mehta,Male,37,Research & Development,Product Researcher,Diploma,2,51000,10,10,3,2,3,1,3,3,44,Yes,Non-Travel,Divorced,1,5,2018-02-16,,No
EMP0505,Diya Joshi,Male,28,IT,System Administrator,Bachelor's,2,43000,3,1,1,1,4,3,2,2,66,No,Travel_Rarely,Single,5,4,2016-05-23,2019-03-11,Yes
EMP0506,Diya Nair,Female,35,Research & Development,Research Engineer,Master's,3,62000,12,6,4,3,3,3,3,3,19,Yes,Non-Travel,Single,1,0,2020-09-18,,No
EMP0507,Akash Joshi,Male,32,Research & Development,R&D Manager,High School,2,44000,7,6,5,3,2,3,4,3,38,No,Travel_Rarely,Single,6,3,2015-09-09,,No
EMP0508,Rahul Sen,Female,34,Research & Development,R&D Manager,Bachelor's,4,87000,6,4,4,1,3,3,4,3,35,No,Travel_Rarely,Married,2,1,2018-04-23,,No
EMP0509,Aditya Singh,Female,44,Customer Service,Customer Service Representative,Diploma,5,91000,12,9,4,2,2,4,3,3,72,Yes,Travel_Rarely,Married,9,2,2013-05-27,,No
EMP0510,Vikram Iyer,Male,34,Customer Service,Customer Support Executive,High School,3,52000,3,3,2,3,2,4,3,4,65,No,Non-Travel,Married,12,2,2017-03-12,,No
EMP0511,Meera Mishra,Male,32,Marketing,Digital Marketing Specialist,High School,1,32000,10,5,1,2,2,3,3,3,50,Yes,Travel_Rarely,Married,1,5,2015-03-16,,No
EMP0512,Rahul Singh,Female,21,Finance,Senior Accountant,Master's,1,26000,1,1,1,0,4,3,3,4,16,No,Travel_Rarely,Single,9,2,2011-11-13,2020-10-27,Yes
EMP0513,Manish Singh,Female,34,Operations,Operations Manager,High School,2,43000,5,5,2,4,1,1,4,3,65,Yes,Travel_Frequently,Single,19,2,2026-08-28,,Yes
EMP0514,Rahul Roy,Male,28,Sales,Business Development Executive,Bachelor's,2,37000,8,8,3,1,3,4,3,3,38,Yes,Non-Travel,Single,13,3,2012-02-05,,No
EMP0515,Priya Sharma,Male,37,Research & Development,Research Engineer,Master's,2,40000,9,6,4,2,3,3,1,3,33,No,Travel_Rarely,Divorced,13,3,2014-01-17,,No
EMP0516,Raj Malhotra,Male,31,Sales,Business Development Executive,Bachelor's,3,67000,10,6,4,6,3,4,3,3,36,No,Travel_Frequently,Single,3,2,2022-07-29,2023-03-02,Yes
EMP0517,Shreya Malhotra,Male,26,Finance,Financial Analyst,Bachelor's,2,41000,0,0,0,0,4,3,4,4,28,No,Non-Travel,Single,26,2,2018-05-31,,No
EMP0518,Aisha Singh,Female,33,Finance,Senior Accountant,Bachelor's,3,70000,5,5,4,3,3,3,4,3,30,No,Travel_Rarely,Single,2,1,2012-04-17,,No
EMP0519,Varun Banerjee,Male,40,Finance,Financial Analyst,Bachelor's,4,98000,10,0,0,0,2,3,3,3,8,No,Travel_Rarely,Single,27,1,2011-11-24,2023-06-01,Yes
EMP0520,Aditya Singh,Male,24,Human Resources,HR Manager,Bachelor's,1,26000,2,2,0,0,3,4,2,3,30,No,Travel_Rarely,Single,16,0,2016-03-11,,No
EMP0521,Rahul Sen,Male,35,Marketing,Brand Manager,Bachelor's,4,84000,9,4,4,0,4,3,4,3,35,No,Travel_Rarely,Single,14,3,2025-06-06,,No
EMP0522,Manish Mishra,Female,39,Research & Development,Research Analyst,Bachelor's,3,60000,17,11,5,0,2,4,3,3,37,No,Travel_Rarely,Single,21,4,2018-08-15,,No
EMP0523,Aisha Kapoor,Female,25,Sales,Business Development Executive,Bachelor's,1,28000,3,1,0,1,2,2,1,3,27,No,Travel_Rarely,Married,6,1,2020-08-11,,No
EMP0524,Sneha Reddy,Male,27,Sales,Account Manager,PhD,3,67000,7,7,3,1,2,4,2,4,32,No,Travel_Rarely,Married,9,0,2019-07-31,,No
EMP0525,Neha Mukherjee,Female,21,Customer Service,Support Analyst,Bachelor's,1,24000,1,1,0,1,1,4,3,3,47,No,Travel_Rarely,Single,9,0,2021-12-23,,No
EMP0526,Rohan Kumar,Male,25,Human Resources,HR Executive,Diploma,1,29000,5,5,4,1,4,3,3,5,31,Yes,Travel_Frequently,Married,12,2,2015-06-25,,No
EMP0527,Ananya Chatterjee,Male,21,Customer Service,Customer Success Manager,Master's,1,24000,0,0,0,0,4,4,2,3,5,No,Travel_Rarely,Single,10,0,2016-06-17,,No
EMP0528,Aisha Chatterjee,Male,33,Human Resources,HR Analyst,Diploma,2,43000,12,5,3,1,3,3,3,4,54,Yes,Travel_Rarely,Married,29,1,2016-03-15,,No
EMP0529,Kavya Das,Male,34,Finance,Accountant,Master's,3,57000,3,0,0,0,4,2,4,4,38,No,Travel_Frequently,Single,3,1,2026-01-13,,No
EMP0530,Diya Patel,Male,33,Marketing,Marketing Executive,Bachelor's,3,57000,13,2,1,0,3,3,2,2,49,No,Non-Travel,Married,5,3,2012-09-12,2024-11-26,Yes
EMP0531,Raj Sharma,Male,34,Marketing,Brand Manager,Bachelor's,3,61000,7,7,3,2,3,3,4,5,10,No,Travel_Frequently,Married,6,2,2020-04-01,,No
EMP0532,Sneha Banerjee,Female,35,IT,IT Support Specialist,Bachelor's,4,88000,4,4,0,3,4,4,1,2,41,No,Travel_Frequently,Married,25,2,2017-05-03,,No
EMP0533,Shreya Mehta,Male,27,Finance,Financial Analyst,Master's,3,56000,7,5,3,3,4,1,3,2,81,No,Travel_Rarely,Single,7,4,2025-05-15,,No
EMP0534,Varun Sen,Female,30,Operations,Operations Coordinator,Master's,3,57000,10,8,4,0,3,3,3,2,29,No,Travel_Rarely,Married,3,2,2023-06-05,,No
EMP0535,Raj Joshi,Male,36,Research & Development,Research Analyst,Bachelor's,3,64000,6,6,4,0,3,4,2,3,22,Yes,Travel_Rarely,Single,10,2,2016-07-04,2024-05-25,Yes
EMP0536,Nikhil Patel,Male,25,IT,Data Analyst,Bachelor's,2,51000,5,3,0,2,3,3,3,3,35,No,Travel_Rarely,Married,1,2,2023-10-01,,No
EMP0537,Neha Patel,Female,36,Operations,Operations Manager,Master's,4,75000,13,10,1,0,3,3,3,4,40,No,Travel_Rarely,Married,3,1,2024-05-13,,No
EMP0538,Isha Verma,Male,33,Sales,Business Development Executive,Diploma,2,44000,13,1,1,0,4,4,4,2,44,No,Travel_Frequently,Divorced,2,1,2024-09-13,,No
EMP0539,Diya Roy,Female,21,Finance,Senior Accountant,Bachelor's,2,45000,1,0,0,0,3,3,4,3,26,No,Travel_Rarely,Single,5,2,2023-11-01,,No
EMP0540,Priya Mishra,Female,28,Marketing,Digital Marketing Specialist,Bachelor's,2,41000,3,1,1,1,3,2,3,4,21,No,Travel_Rarely,Single,13,1,2014-07-13,,No
EMP0541,Sanjay Malhotra,Male,48,Finance,Senior Accountant,Master's,4,102000,8,8,5,0,1,4,2,4,14,No,Travel_Frequently,Single,6,3,2012-12-09,,No
EMP0542,Manish Gupta,Female,22,Customer Service,Customer Success Manager,Bachelor's,2,40000,0,0,0,0,4,4,3,3,51,No,Travel_Frequently,Married,1,1,2020-07-13,2024-03-13,Yes
EMP0543,Diya Singh,Female,36,Customer Service,Customer Service Representative,Master's,2,36000,9,8,2,1,3,4,4,4,5,No,Travel_Rarely,Single,8,4,2022-08-01,,No
EMP0544,Rohan Singh,Male,21,Finance,Financial Analyst,Master's,1,32000,0,0,0,0,2,4,4,3,42,No,Travel_Rarely,Single,20,0,2013-01-09,2024-02-22,Yes
EMP0545,Rahul Roy,Male,35,Operations,Operations Coordinator,Bachelor's,4,84000,12,6,1,0,3,1,2,3,38,No,Travel_Frequently,Married,4,1,2020-03-07,,No
EMP0546,Raj Patel,Female,34,Customer Service,Customer Success Manager,Bachelor's,3,54000,0,0,0,0,1,2,2,3,11,No,Travel_Rarely,Married,32,0,2024-08-08,,No
EMP0547,Nikhil Das,Female,39,Human Resources,HR Analyst,Bachelor's,3,60000,11,4,4,2,3,3,2,2,25,No,Travel_Rarely,Single,19,1,2012-03-15,,No
EMP0548,Amit Kapoor,Female,35,Research & Development,Research Analyst,Bachelor's,3,64000,7,7,3,3,4,4,2,4,36,No,Travel_Frequently,Single,6,1,2025-03-13,,No
EMP0549,Aarav Kapoor,Male,50,Operations,Operations Executive,Bachelor's,3,60000,30,8,4,4,3,2,3,4,40,Yes,Non-Travel,Single,5,2,2023-12-21,,No
EMP0550,Vikram Sharma,Male,39,IT,DevOps Engineer,Bachelor's,4,107000,3,3,2,3,3,2,3,3,44,No,Travel_Frequently,Married,18,0,2023-03-19,,No
EMP0551,Arjun Roy,Male,43,Finance,Accountant,Master's,4,98000,15,3,1,3,4,3,2,3,23,Yes,Travel_Rarely,Single,9,3,2017-06-24,,No
EMP0552,Siddharth Gupta,Male,41,Sales,Business Development Executive,Master's,4,89000,8,6,2,1,2,2,3,3,44,No,Travel_Rarely,Married,12,1,2024-05-27,,No
EMP0553,Amit Joshi,Female,24,Customer Service,Customer Support Executive,Master's,1,26000,0,0,0,0,3,4,2,3,34,No,Travel_Rarely,Single,12,1,2019-02-24,,No
EMP0554,Sneha Banerjee,Female,35,Human Resources,HR Manager,Diploma,3,61000,15,7,4,4,4,2,4,4,32,Yes,Travel_Rarely,Married,38,2,2024-12-19,,No
EMP0555,Neha Das,Male,31,Marketing,Marketing Analyst,Master's,2,42000,11,2,0,1,2,4,3,3,24,No,Travel_Frequently,Married,6,1,2025-02-05,,No
EMP0556,Aisha Mehta,Female,40,Marketing,Marketing Executive,Master's,3,61000,6,6,5,4,3,2,3,3,53,No,Travel_Rarely,Single,7,3,2017-05-07,,No
EMP0557,Isha Iyer,Male,34,Operations,Operations Coordinator,Bachelor's,3,62000,14,8,3,4,3,4,4,4,49,No,Travel_Frequently,Divorced,10,4,2020-11-17,,No
EMP0558,Sanjay Patel,Female,52,Sales,Sales Manager,Bachelor's,5,113000,23,3,2,3,1,4,3,3,47,No,Travel_Frequently,Single,16,2,2023-03-04,,No
EMP0559,Rohan Mehta,Male,30,Sales,Account Manager,Bachelor's,1,27000,7,7,6,0,4,1,3,3,46,No,Travel_Frequently,Married,21,0,2023-08-10,,No
EMP0560,Vivaan Sen,Male,34,Human Resources,HR Manager,Bachelor's,2,39000,7,6,6,0,2,3,1,3,25,Yes,Travel_Frequently,Single,11,1,2017-05-13,,No
EMP0561,Sanjay Das,Male,33,Research & Development,Product Researcher,High School,3,67000,10,6,5,2,3,3,4,4,17,No,Travel_Rarely,Married,9,1,2022-02-23,,No
EMP0562,Sanjay Mehta,Male,39,IT,DevOps Engineer,Bachelor's,3,60000,13,7,2,2,2,3,3,3,24,Yes,Travel_Rarely,Single,4,1,2023-08-18,,No
EMP0563,Rohan Nair,Male,42,Research & Development,Research Analyst,Bachelor's,3,70000,10,8,2,3,2,3,3,3,31,Yes,Travel_Rarely,Single,3,4,2021-08-06,,No
EMP0564,Meera Gupta,Male,27,Customer Service,Customer Service Representative,Master's,2,35000,5,5,2,4,2,2,1,3,57,No,Travel_Frequently,Single,4,2,2016-03-23,,No
EMP0565,Vikram Kumar,Male,31,Research & Development,R&D Manager,Master's,2,46000,2,0,0,0,3,4,4,3,27,No,Travel_Rarely,Single,9,0,2014-03-22,,No
EMP0566,Raj Sharma,Male,33,Operations,Operations Executive,Bachelor's,3,58000,11,7,3,2,3,3,4,4,29,No,Travel_Rarely,Married,7,1,2021-05-19,,No
EMP0567,Rohan Joshi,Male,22,Marketing,Marketing Executive,PhD,2,40000,0,0,0,0,2,4,2,4,12,No,Travel_Rarely,Married,6,3,2015-10-29,2025-11-26,Yes
EMP0568,Riya Mishra,Male,23,Human Resources,HR Analyst,PhD,1,30000,0,0,0,0,4,3,3,2,32,Yes,Travel_Rarely,Single,15,1,2025-12-19,,No
EMP0569,Akash Banerjee,Male,21,IT,DevOps Engineer,Diploma,1,32000,1,0,0,0,2,3,4,4,21,Yes,Travel_Frequently,Single,24,2,2011-10-10,2019-06-24,Yes
EMP0570,Karan Chatterjee,Male,44,Sales,Account Manager,Master's,3,51000,15,8,4,0,3,3,2,1,34,No,Travel_Frequently,Single,18,2,2019-11-13,,No
EMP0571,Riya Joshi,Female,25,Finance,Finance Manager,Bachelor's,1,26000,0,0,0,0,4,2,4,2,12,No,Travel_Frequently,Married,18,1,2016-01-13,,No
EMP0572,Meera Das,Male,52,Operations,Process Analyst,PhD,5,100000,28,3,3,1,2,4,1,3,36,No,Travel_Rarely,Married,33,0,2024-04-30,,No
EMP0573,Ravi Mukherjee,Male,21,Sales,Account Manager,Bachelor's,1,27000,0,0,0,0,4,3,1,3,35,No,Non-Travel,Single,3,3,2024-06-17,2025-06-26,Yes
EMP0574,Varun Reddy,Male,21,Sales,Sales Manager,Bachelor's,1,31000,0,0,0,0,3,3,3,3,21,Yes,Travel_Rarely,Married,11,3,2011-12-17,,No
EMP0575,Raj Joshi,Male,31,Marketing,Marketing Analyst,Bachelor's,3,65000,10,3,3,0,3,2,2,3,25,No,Travel_Rarely,Divorced,13,3,2017-12-28,,No
EMP0576,Ananya Roy,Female,34,Finance,Accountant,High School,3,68000,4,0,0,0,3,3,3,2,28,No,Travel_Rarely,Married,4,4,2020-12-02,,No
EMP0577,Diya Banerjee,Female,31,IT,System Administrator,Master's,2,49000,4,4,4,4,2,4,3,5,30,No,Travel_Rarely,Single,11,2,2020-04-30,,No
EMP0578,Ananya Sen,Female,53,Research & Development,Research Engineer,Bachelor's,4,105000,18,5,3,0,3,4,3,3,41,No,Travel_Rarely,Single,3,3,2022-07-04,,No
EMP0579,Rahul Iyer,Male,34,Human Resources,HR Manager,Master's,3,62000,11,3,2,0,2,3,3,4,31,No,Travel_Rarely,Single,23,2,2014-12-24,2020-12-21,Yes
EMP0580,Meera Reddy,Male,26,Human Resources,HR Executive,Bachelor's,2,45000,0,0,0,0,1,4,4,3,13,Yes,Travel_Rarely,Single,11,0,2014-12-17,,No
EMP0581,Shreya Sharma,Female,29,IT,Software Engineer,Master's,2,44000,6,6,5,1,4,2,2,4,33,No,Travel_Rarely,Single,9,2,2022-07-03,,No
EMP0582,Vivaan Kapoor,Female,42,Sales,Sales Executive,Diploma,5,120000,17,11,3,4,3,3,4,3,33,No,Non-Travel,Single,12,1,2015-01-25,,No
EMP0583,Diya Verma,Female,37,Customer Service,Customer Service Representative,PhD,3,50000,8,7,6,2,2,4,3,2,15,No,Travel_Rarely,Married,15,1,2013-08-30,,No
EMP0584,Shreya Mishra,Male,39,Operations,Operations Manager,Bachelor's,3,61000,10,6,3,0,3,3,4,3,33,Yes,Travel_Frequently,Married,17,1,2017-09-18,,No
EMP0585,Nikhil Patel,Female,38,Human Resources,HR Manager,Bachelor's,3,65000,18,3,0,3,4,4,3,2,34,No,Travel_Frequently,Single,7,2,2013-10-15,,No
EMP0586,Rohan Gupta,Female,46,Operations,Process Analyst,Bachelor's,4,84000,14,8,4,3,4,3,3,2,13,No,Travel_Frequently,Single,7,1,2024-01-31,,No
EMP0587,Pooja Mehta,Male,21,Finance,Senior Accountant,Master's,1,32000,1,0,0,0,3,4,4,3,32,Yes,Travel_Rarely,Single,19,3,2012-02-23,,No
EMP0588,Neha Mishra,Female,31,IT,System Administrator,Master's,2,47000,1,1,1,0,4,2,3,4,41,No,Travel_Frequently,Single,16,3,2016-06-27,,No
EMP0589,Vivaan Mishra,Male,40,Human Resources,HR Analyst,Bachelor's,3,58000,16,3,1,1,3,1,2,3,48,No,Travel_Rarely,Single,2,2,2015-01-21,,No
EMP0590,Aditya Verma,Male,31,Customer Service,Customer Support Executive,Bachelor's,2,39000,9,7,6,2,2,3,4,3,39,No,Travel_Rarely,Married,8,2,2012-01-22,,No
EMP0591,Rohan Roy,Female,28,IT,DevOps Engineer,Bachelor's,2,40000,8,8,4,2,1,4,3,4,42,No,Travel_Rarely,Married,7,1,2023-01-07,,No
EMP0592,Akash Nair,Female,38,Marketing,Marketing Executive,PhD,3,61000,8,2,0,2,2,2,3,3,19,Yes,Travel_Rarely,Married,2,2,2013-06-29,,No
EMP0593,Meera Mehta,Male,23,Customer Service,Support Analyst,Master's,1,26000,3,3,0,2,3,2,2,2,20,No,Travel_Rarely,Single,4,0,2018-02-02,2019-10-11,Yes
EMP0594,Aditya Singh,Female,30,Marketing,Digital Marketing Specialist,Bachelor's,2,41000,4,4,4,4,1,3,4,3,30,No,Travel_Rarely,Single,3,2,2018-10-26,2022-10-09,Yes
EMP0595,Aarav Mukherjee,Female,29,Customer Service,Customer Support Executive,Bachelor's,2,42000,3,3,2,0,3,2,3,3,57,No,Travel_Rarely,Married,3,0,2015-02-17,2024-07-19,Yes
EMP0596,Aisha Mehta,Female,32,IT,System Administrator,Bachelor's,1,31000,6,5,3,0,1,3,4,3,49,Yes,Travel_Rarely,Single,1,2,2015-05-17,,No
EMP0597,Kavya Joshi,Female,38,Operations,Operations Coordinator,Bachelor's,3,59000,14,0,0,0,3,4,3,4,13,No,Travel_Rarely,Single,10,2,2025-06-14,,No
EMP0598,Rohan Malhotra,Female,48,Research & Development,Research Analyst,Diploma,5,139000,19,7,5,3,4,3,4,4,23,Yes,Non-Travel,Single,8,2,2018-05-23,,No
EMP0599,Ananya Malhotra,Male,31,Sales,Sales Executive,Master's,1,25000,11,5,5,3,3,3,3,4,43,No,Non-Travel,Single,5,1,2024-07-08,,No
EMP0600,Sneha Chatterjee,Male,24,Human Resources,HR Analyst,Master's,1,23000,4,4,4,0,4,3,3,3,30,Yes,Travel_Frequently,Married,13,2,2025-09-06,,No
EMP0601,Vivaan Verma,Female,54,IT,Data Analyst,Bachelor's,5,115000,25,1,0,1,2,3,2,3,35,No,Non-Travel,Married,4,1,2026-03-04,,No
EMP0602,Amit Iyer,Male,38,Human Resources,HR Executive,Master's,4,89000,9,6,5,2,4,2,3,3,36,No,Travel_Rarely,Married,5,1,2022-06-11,,No
EMP0603,Meera Roy,Male,40,Research & Development,Research Engineer,Bachelor's,3,66000,10,4,2,0,1,3,3,4,8,No,Travel_Rarely,Married,8,2,2012-12-22,,No
EMP0604,Aarav Nair,Male,37,Human Resources,HR Executive,Bachelor's,2,36000,13,5,5,3,2,4,3,3,23,Yes,Travel_Frequently,Single,5,0,2012-12-19,2023-01-26,Yes
EMP0605,Priya Chatterjee,Male,33,Operations,Operations Coordinator,Bachelor's,3,56000,13,5,5,3,4,4,3,4,32,No,Travel_Rarely,Married,23,4,2025-02-25,,No
EMP0606,Varun Malhotra,Female,32,Operations,Process Analyst,Master's,1,24000,2,2,1,2,4,3,3,4,52,No,Travel_Rarely,Married,3,0,2021-11-12,,No
EMP0607,Sanjay Mishra,Female,26,Sales,Sales Executive,PhD,2,41000,5,3,2,1,3,3,2,3,58,No,Travel_Frequently,Divorced,10,2,2024-09-12,,No
EMP0608,Sneha Mukherjee,Male,32,Marketing,Marketing Executive,Bachelor's,2,39000,3,3,2,0,3,3,3,3,54,No,Travel_Rarely,Single,12,1,2015-09-15,,No
EMP0609,Sneha Gupta,Female,22,Human Resources,HR Analyst,Master's,1,30000,2,2,1,0,3,3,3,3,49,No,Travel_Frequently,Divorced,1,1,2014-02-02,2014-12-13,Yes
EMP0610,Shreya Nair,Male,39,Sales,Account Manager,Master's,3,61000,16,2,2,2,3,4,2,4,34,No,Non-Travel,Married,1,0,2014-07-21,,No
EMP0611,Raj Iyer,Male,49,Customer Service,Customer Service Representative,Master's,5,121000,19,1,0,0,3,3,3,3,25,No,Travel_Frequently,Married,1,0,2011-11-09,,No
EMP0612,Isha Roy,Male,36,Human Resources,Recruiter,Bachelor's,4,74000,16,4,4,0,4,3,2,3,41,No,Travel_Rarely,Single,5,1,2025-08-01,,No
EMP0613,Amit Roy,Female,31,Customer Service,Customer Support Executive,Bachelor's,3,55000,8,2,1,2,4,3,3,3,11,Yes,Travel_Rarely,Single,5,2,2014-06-01,,No
EMP0614,Raj Reddy,Female,38,Marketing,Digital Marketing Specialist,Bachelor's,4,85000,18,7,5,3,2,3,3,3,24,Yes,Travel_Rarely,Married,3,3,2013-07-12,,No
EMP0615,Aarav Mishra,Female,46,Operations,Operations Manager,Master's,3,49000,15,2,0,2,3,3,2,4,24,No,Travel_Rarely,Married,4,2,2017-12-05,2020-01-12,Yes
EMP0616,Siddharth Sharma,Female,35,Sales,Sales Executive,Bachelor's,3,53000,7,6,4,4,2,3,4,2,46,No,Travel_Rarely,Married,2,1,2020-07-11,2021-04-06,Yes
EMP0617,Isha Patel,Male,34,Sales,Sales Manager,Bachelor's,3,54000,11,5,4,2,3,4,4,3,24,Yes,Travel_Rarely,Married,1,2,2025-05-14,,No
EMP0618,Arjun Banerjee,Female,40,Research & Development,Research Analyst,Master's,2,49000,13,3,2,3,4,2,1,2,49,No,Travel_Rarely,Married,3,4,2014-05-03,,No
EMP0619,Aarav Banerjee,Male,27,Sales,Sales Manager,Bachelor's,2,41000,3,0,0,0,4,3,3,3,45,No,Travel_Rarely,Married,18,1,2020-09-24,,No
EMP0620,Ananya Gupta,Male,45,Marketing,Brand Manager,Master's,3,63000,17,1,1,1,3,2,2,4,33,No,Travel_Rarely,Married,18,3,2017-11-08,,No
EMP0621,Shreya Das,Female,38,Customer Service,Customer Support Executive,Bachelor's,3,51000,8,5,2,5,3,1,2,2,27,No,Travel_Rarely,Single,10,2,2026-03-25,,No
EMP0622,Kavya Mukherjee,Male,36,Sales,Sales Manager,Bachelor's,4,95000,13,5,5,4,2,2,2,3,36,Yes,Travel_Rarely,Single,1,1,2012-01-03,,No
EMP0623,Karan Iyer,Female,30,Operations,Operations Manager,Bachelor's,2,36000,9,4,4,1,3,3,2,3,27,No,Travel_Frequently,Married,8,3,2013-06-09,,No
EMP0624,Siddharth Nair,Female,42,Customer Service,Customer Success Manager,Bachelor's,5,90000,13,6,6,4,1,3,1,3,41,Yes,Travel_Rarely,Married,16,2,2025-01-07,,No
EMP0625,Riya Sharma,Male,32,IT,IT Support Specialist,Master's,2,52000,12,6,6,1,3,4,4,2,32,No,Non-Travel,Single,3,2,2021-01-26,,No
EMP0626,Ananya Banerjee,Female,32,Customer Service,Customer Service Representative,Bachelor's,2,41000,11,5,3,2,3,3,3,3,14,No,Travel_Frequently,Single,9,3,2020-02-24,,No
EMP0627,Arjun Sharma,Male,31,IT,Data Analyst,Bachelor's,1,31000,0,0,0,0,3,3,2,3,58,No,Travel_Rarely,Married,24,1,2011-11-15,,No
EMP0628,Sanjay Roy,Male,36,IT,Software Engineer,Bachelor's,2,43000,3,0,0,0,3,3,4,3,27,No,Travel_Frequently,Married,6,2,2014-06-14,2018-04-06,Yes
EMP0629,Manish Malhotra,Female,23,Customer Service,Support Analyst,Bachelor's,1,21000,0,0,0,0,2,3,3,3,79,No,Travel_Rarely,Single,8,1,2018-05-28,,No
EMP0630,Sneha Kapoor,Female,39,Finance,Accountant,Diploma,3,58000,9,2,1,2,3,2,3,3,28,No,Travel_Rarely,Single,11,0,2025-01-02,,No
EMP0631,Kavya Banerjee,Female,48,Marketing,Brand Manager,Master's,4,89000,16,7,1,4,2,2,4,3,26,No,Travel_Rarely,Single,7,1,2020-09-26,,No
EMP0632,Ananya Nair,Male,24,Marketing,Marketing Executive,Master's,1,29000,4,4,3,3,4,2,4,3,36,Yes,Travel_Rarely,Married,4,1,2017-09-19,2024-05-19,Yes
EMP0633,Aditya Mukherjee,Male,34,Human Resources,HR Analyst,Bachelor's,3,62000,2,2,2,2,1,3,2,3,30,No,Travel_Rarely,Single,17,5,2020-10-16,2022-10-31,Yes
EMP0634,Kavya Sen,Male,24,Customer Service,Customer Service Representative,Bachelor's,1,27000,4,1,0,0,4,2,1,2,24,Yes,Non-Travel,Single,24,1,2016-11-03,,No
EMP0635,Nikhil Reddy,Male,38,Sales,Sales Manager,Master's,3,58000,8,5,1,2,3,2,4,3,34,No,Travel_Rarely,Married,26,1,2013-11-16,,No
EMP0636,Abhishek Sen,Male,46,Marketing,Digital Marketing Specialist,Bachelor's,3,57000,20,14,2,3,2,3,3,5,28,No,Travel_Rarely,Single,13,1,2017-09-05,,No
EMP0637,Rahul Sharma,Female,41,Research & Development,Research Analyst,Bachelor's,4,91000,13,7,3,1,2,4,3,5,39,No,Travel_Rarely,Single,6,3,2015-01-18,,No
EMP0638,Arjun Chatterjee,Female,28,Operations,Operations Coordinator,Bachelor's,2,41000,2,2,2,0,3,3,3,3,27,No,Travel_Rarely,Single,11,0,2023-05-18,,No
EMP0639,Sanjay Sen,Male,28,Marketing,Marketing Executive,Bachelor's,1,25000,6,4,0,0,2,4,3,2,18,No,Travel_Rarely,Single,9,2,2016-05-22,,No
EMP0640,Karan Reddy,Female,31,Marketing,Brand Manager,Master's,3,58000,11,5,3,4,2,4,3,3,30,No,Travel_Frequently,Single,21,2,2016-01-14,2022-05-12,Yes
EMP0641,Nikhil Banerjee,Female,41,Sales,Account Manager,Bachelor's,4,82000,12,7,2,4,4,3,2,1,22,No,Non-Travel,Married,3,3,2023-06-30,,No
EMP0642,Shreya Kapoor,Female,55,Marketing,Brand Manager,Master's,4,74000,23,8,4,3,1,1,3,3,29,Yes,Travel_Rarely,Single,10,1,2026-07-27,,No
EMP0643,Vivaan Kumar,Male,34,Marketing,Digital Marketing Specialist,Master's,4,79000,8,8,2,2,2,4,3,4,36,No,Non-Travel,Divorced,5,4,2017-05-04,,No
EMP0644,Siddharth Reddy,Male,28,Sales,Business Development Executive,Bachelor's,3,53000,8,8,5,3,2,3,4,4,31,Yes,Travel_Rarely,Single,7,1,2021-02-05,,No
EMP0645,Diya Chatterjee,Male,28,Research & Development,Research Engineer,Master's,2,49000,3,2,2,1,3,2,3,3,49,No,Travel_Rarely,Married,18,0,2021-05-09,,No
EMP0646,Isha Iyer,Male,40,IT,IT Support Specialist,Diploma,2,41000,10,5,4,4,4,4,3,3,8,No,Travel_Frequently,Married,8,5,2012-12-17,,No
EMP0647,Aisha Mishra,Male,38,IT,IT Support Specialist,Master's,4,106000,12,6,5,3,3,1,1,4,68,No,Travel_Rarely,Single,31,0,2018-04-12,,No
EMP0648,Nikhil Banerjee,Female,21,Sales,Sales Executive,Bachelor's,1,29000,1,1,1,0,3,4,2,4,34,No,Travel_Rarely,Married,11,1,2011-11-27,,No
EMP0649,Shreya Singh,Male,46,IT,Data Analyst,Diploma,4,106000,21,2,0,0,2,2,3,4,23,No,Non-Travel,Single,8,3,2020-11-01,,No
EMP0650,Rahul Verma,Female,37,Marketing,Brand Manager,Bachelor's,4,83000,14,4,4,2,3,3,2,4,51,No,Travel_Rarely,Married,2,3,2024-01-09,,No
EMP0651,Neha Chatterjee,Male,31,Sales,Account Manager,Bachelor's,2,43000,7,7,5,5,3,4,3,4,43,Yes,Travel_Rarely,Single,2,2,2020-06-30,2024-05-20,Yes
EMP0652,Vivaan Sen,Male,39,Operations,Operations Manager,Master's,3,60000,15,9,5,0,3,4,3,4,47,No,Travel_Rarely,Married,31,4,2020-07-09,,No
EMP0653,Rahul Mishra,Male,27,Operations,Operations Coordinator,Master's,2,36000,1,0,0,0,3,4,3,3,6,No,Travel_Rarely,Single,27,2,2022-05-05,,No
EMP0654,Rahul Malhotra,Female,35,Marketing,Digital Marketing Specialist,Bachelor's,3,59000,9,9,1,3,3,3,4,2,31,Yes,Travel_Rarely,Single,8,1,2014-02-22,,No
EMP0655,Vikram Mehta,Male,23,Finance,Accountant,Master's,1,29000,3,2,2,2,4,3,4,4,6,Yes,Travel_Rarely,Single,10,2,2013-05-25,,No
EMP0656,Sneha Sen,Female,32,IT,Data Analyst,Bachelor's,2,43000,12,4,4,3,3,4,3,3,45,Yes,Travel_Rarely,Single,6,1,2016-04-10,,No
EMP0657,Isha Joshi,Female,27,Finance,Financial Analyst,Bachelor's,2,46000,4,3,3,2,3,2,4,4,37,No,Travel_Rarely,Married,21,4,2013-05-17,,No
EMP0658,Vikram Joshi,Male,28,Finance,Senior Accountant,Bachelor's,2,42000,2,0,0,0,4,4,4,3,40,No,Travel_Frequently,Married,6,4,2014-08-12,,No
EMP0659,Diya Das,Male,34,Finance,Financial Analyst,Bachelor's,3,59000,12,7,5,4,2,4,4,3,29,No,Non-Travel,Married,1,2,2018-03-22,2025-03-01,Yes
EMP0660,Akash Joshi,Female,36,Marketing,Brand Manager,Bachelor's,3,61000,10,7,1,1,4,3,4,5,33,No,Non-Travel,Single,10,1,2016-04-04,,No
EMP0661,Manish Roy,Male,49,Operations,Operations Executive,Diploma,3,55000,18,7,6,3,4,4,3,4,24,Yes,Travel_Frequently,Divorced,12,1,2025-03-06,,No
EMP0662,Abhishek Patel,Female,39,Research & Development,Research Engineer,High School,3,63000,8,6,5,0,1,3,3,3,66,No,Travel_Rarely,Divorced,5,5,2012-03-29,,No
EMP0663,Aarav Singh,Male,33,Customer Service,Customer Service Representative,Diploma,3,49000,10,9,5,2,4,3,3,3,60,Yes,Travel_Rarely,Married,11,2,2020-01-04,,No
EMP0664,Priya Nair,Female,45,Finance,Accountant,High School,3,69000,11,4,4,3,3,4,4,3,8,Yes,Travel_Rarely,Married,3,2,2017-05-14,,No
EMP0665,Aditya Roy,Male,25,Human Resources,Recruiter,Bachelor's,1,26000,3,0,0,0,3,2,3,3,51,No,Non-Travel,Single,11,4,2017-05-16,,No
EMP0666,Karan Mehta,Female,39,Operations,Operations Manager,Bachelor's,3,50000,8,3,3,1,3,3,4,3,32,No,Travel_Rarely,Married,7,2,2014-02-07,2023-10-23,Yes
EMP0667,Nikhil Sen,Male,33,Sales,Sales Manager,Master's,4,91000,8,3,2,3,3,3,3,2,50,No,Travel_Rarely,Single,15,2,2017-01-12,,No
EMP0668,Siddharth Iyer,Female,48,IT,IT Support Specialist,Bachelor's,5,151000,26,6,4,5,3,3,4,2,30,No,Travel_Rarely,Single,8,3,2020-05-05,,No
EMP0669,Vivaan Verma,Male,35,Human Resources,HR Analyst,Bachelor's,3,55000,6,1,1,1,1,4,4,4,31,No,Travel_Rarely,Married,8,3,2017-08-25,,No
EMP0670,Riya Singh,Female,47,Operations,Operations Coordinator,Master's,5,122000,25,5,5,0,4,4,4,3,33,No,Travel_Frequently,Single,29,2,2023-10-03,,No
EMP0671,Riya Malhotra,Female,32,Marketing,Digital Marketing Specialist,Bachelor's,3,58000,7,2,2,2,4,2,4,3,23,No,Travel_Rarely,Divorced,5,0,2023-12-08,,No
EMP0672,Riya Reddy,Male,29,Marketing,Marketing Analyst,Bachelor's,2,47000,7,0,0,0,3,4,1,3,34,No,Travel_Rarely,Married,8,1,2021-09-18,,No
EMP0673,Meera Sharma,Male,35,Operations,Operations Coordinator,Bachelor's,3,54000,1,0,0,0,3,3,2,4,53,No,Travel_Frequently,Single,6,3,2017-07-19,,No
EMP0674,Ananya Kumar,Female,34,Human Resources,HR Manager,Diploma,3,55000,10,7,5,3,3,1,2,2,35,No,Travel_Frequently,Married,2,7,2012-09-13,,No
EMP0675,Akash Roy,Female,33,Marketing,Marketing Analyst,Master's,2,40000,1,1,1,1,4,3,1,3,41,Yes,Travel_Rarely,Single,5,1,2013-07-01,2021-04-18,Yes
EMP0676,Riya Mukherjee,Female,38,Customer Service,Customer Service Representative,Master's,3,58000,8,8,2,2,2,3,4,3,56,No,Travel_Rarely,Married,3,2,2018-05-10,,No
EMP0677,Rahul Mukherjee,Male,23,Human Resources,HR Executive,Bachelor's,1,29000,0,0,0,0,3,4,4,4,49,No,Travel_Frequently,Single,26,1,2024-10-30,2025-09-28,Yes
EMP0678,Aisha Patel,Female,30,Finance,Senior Accountant,Diploma,2,49000,10,4,4,2,4,4,3,3,43,No,Travel_Rarely,Single,12,1,2024-08-30,,No
EMP0679,Akash Banerjee,Male,40,Operations,Operations Manager,Master's,3,61000,11,7,4,2,2,2,4,4,31,No,Travel_Rarely,Married,21,1,2019-11-20,,No
EMP0680,Shreya Verma,Male,34,Customer Service,Customer Support Executive,Master's,3,54000,14,7,4,3,2,3,4,3,25,No,Non-Travel,Single,13,1,2018-03-13,,No
EMP0681,Arjun Patel,Male,40,Human Resources,HR Analyst,Master's,3,55000,8,8,3,3,4,4,1,2,9,Yes,Travel_Rarely,Divorced,18,1,2014-01-10,2015-04-14,Yes
EMP0682,Amit Nair,Male,34,Human Resources,HR Executive,Master's,2,34000,11,6,2,5,4,4,3,3,34,No,Travel_Rarely,Single,7,0,2019-04-24,,No
EMP0683,Shreya Das,Female,24,IT,Software Engineer,Bachelor's,1,29000,4,0,0,0,3,3,3,4,17,No,Travel_Rarely,Single,2,1,2015-11-16,,No
EMP0684,Riya Joshi,Male,35,IT,DevOps Engineer,Bachelor's,3,69000,7,6,2,2,3,3,2,4,38,Yes,Travel_Rarely,Single,1,3,2022-10-29,,No
EMP0685,Riya Joshi,Female,40,Customer Service,Customer Success Manager,Bachelor's,3,56000,11,9,3,1,2,2,4,4,42,No,Travel_Rarely,Married,3,2,2024-08-29,,No
EMP0686,Priya Das,Male,25,Human Resources,HR Executive,Bachelor's,1,26000,0,0,0,0,2,2,4,3,25,No,Non-Travel,Single,9,2,2018-01-04,2020-10-27,Yes
EMP0687,Pooja Joshi,Female,50,IT,DevOps Engineer,Master's,5,130000,16,5,3,1,3,4,1,4,44,Yes,Travel_Rarely,Divorced,12,1,2024-07-27,,No
EMP0688,Meera Joshi,Male,40,Research & Development,Product Researcher,Master's,4,93000,12,10,0,2,4,2,4,3,45,Yes,Non-Travel,Single,11,5,2014-05-17,,No
EMP0689,Raj Patel,Female,31,Finance,Financial Analyst,Bachelor's,2,39000,4,4,4,3,3,3,3,4,47,No,Travel_Rarely,Married,9,1,2021-06-25,,No
EMP0690,Nikhil Joshi,Male,21,IT,Software Engineer,Bachelor's,1,36000,0,0,0,0,4,2,2,3,36,No,Travel_Rarely,Married,2,3,2014-09-19,,No
EMP0691,Ravi Patel,Female,35,Finance,Financial Analyst,Bachelor's,3,57000,6,3,2,3,3,4,1,3,71,No,Travel_Rarely,Single,17,3,2019-08-01,,No
EMP0692,Vikram Gupta,Female,45,Finance,Finance Manager,Bachelor's,4,80000,20,2,2,2,3,3,3,3,49,Yes,Travel_Frequently,Married,8,2,2018-03-16,,No
EMP0693,Meera Banerjee,Male,32,Customer Service,Customer Service Representative,Master's,1,27000,10,5,5,5,3,3,3,2,21,No,Travel_Rarely,Married,9,1,2025-03-29,,No
EMP0694,Akash Sharma,Male,30,Finance,Senior Accountant,Master's,1,34000,0,0,0,0,3,3,3,3,46,No,Travel_Frequently,Single,21,1,2016-09-02,,No
EMP0695,Amit Roy,Male,49,Customer Service,Customer Support Executive,Bachelor's,4,76000,19,8,4,2,2,3,4,3,27,No,Travel_Rarely,Single,2,4,2012-03-26,,No
EMP0696,Aditya Banerjee,Female,24,Sales,Sales Executive,Bachelor's,1,24000,0,0,0,0,2,2,3,4,24,Yes,Travel_Rarely,Married,4,1,2019-03-13,,No
EMP0697,Pooja Verma,Female,31,IT,Software Engineer,Bachelor's,2,50000,2,2,1,0,3,4,1,3,35,Yes,Travel_Rarely,Married,2,2,2012-07-08,,No
EMP0698,Arjun Reddy,Female,28,Human Resources,Recruiter,Diploma,3,49000,4,3,2,3,3,4,4,2,52,No,Travel_Rarely,Married,14,1,2013-11-26,,No
EMP0699,Raj Reddy,Male,41,Marketing,Marketing Analyst,Master's,4,98000,17,6,3,3,3,3,2,5,47,No,Travel_Rarely,Single,4,0,2016-09-29,,No
EMP0700,Pooja Kumar,Male,38,Finance,Senior Accountant,Bachelor's,2,47000,17,4,1,0,3,3,3,2,18,Yes,Travel_Frequently,Single,7,0,2016-12-19,,No
EMP0701,Neha Malhotra,Male,24,Marketing,Marketing Analyst,Bachelor's,1,29000,4,3,2,2,2,3,2,4,28,No,Non-Travel,Single,4,4,2022-05-20,,No
EMP0702,Amit Malhotra,Female,30,IT,IT Support Specialist,Bachelor's,2,47000,3,1,0,1,3,2,3,3,44,No,Non-Travel,Married,9,3,2024-05-17,,No
EMP0703,Pooja Mehta,Male,42,Finance,Finance Manager,Bachelor's,4,89000,10,8,5,6,3,4,4,4,28,No,Non-Travel,Single,7,1,2012-01-25,,No
EMP0704,Varun Das,Male,25,Research & Development,Research Analyst,Bachelor's,1,29000,0,0,0,0,2,4,3,4,38,No,Travel_Rarely,Single,21,1,2021-07-12,,No
EMP0705,Varun Kumar,Male,42,Operations,Operations Manager,Bachelor's,3,56000,12,5,4,4,2,3,3,3,29,Yes,Travel_Rarely,Divorced,2,3,2014-10-18,2025-11-30,Yes
EMP0706,Aarav Banerjee,Male,36,Human Resources,HR Analyst,PhD,2,34000,13,7,2,1,3,2,3,3,5,No,Non-Travel,Married,5,2,2015-04-09,2022-11-24,Yes
EMP0707,Pooja Verma,Male,33,IT,Data Analyst,Master's,3,72000,2,0,0,0,4,3,3,3,27,No,Travel_Rarely,Married,7,1,2026-07-20,,No
EMP0708,Riya Mishra,Male,46,Finance,Finance Manager,Bachelor's,3,70000,14,4,3,4,2,3,3,3,44,No,Travel_Frequently,Married,23,0,2025-07-29,,No
EMP0709,Neha Singh,Male,42,Finance,Accountant,Master's,3,70000,8,7,5,4,2,2,4,3,18,No,Non-Travel,Married,8,2,2021-08-15,,No
EMP0710,Neha Banerjee,Male,38,Sales,Sales Manager,Bachelor's,3,54000,8,3,3,2,3,3,3,3,31,No,Travel_Frequently,Married,11,3,2015-06-27,,No
EMP0711,Amit Kumar,Female,25,Customer Service,Support Analyst,Master's,1,28000,1,1,0,1,3,3,3,3,5,Yes,Travel_Rarely,Married,25,4,2019-07-10,,No
EMP0712,Karan Sen,Female,22,Finance,Senior Accountant,Master's,1,26000,0,0,0,0,4,2,3,3,36,No,Travel_Rarely,Married,1,5,2017-06-14,,No
EMP0713,Aarav Sen,Male,37,Marketing,Brand Manager,PhD,3,70000,7,7,4,3,4,3,1,3,55,Yes,Travel_Rarely,Married,4,3,2025-05-22,,No
EMP0714,Neha Gupta,Male,34,Sales,Sales Executive,Bachelor's,3,62000,5,5,1,0,4,4,2,4,47,Yes,Travel_Rarely,Single,19,3,2021-09-15,,No
EMP0715,Vivaan Banerjee,Male,39,Marketing,Digital Marketing Specialist,Master's,3,65000,17,8,3,1,3,3,4,4,41,Yes,Travel_Frequently,Married,11,2,2019-12-23,,No
EMP0716,Vikram Reddy,Male,36,IT,Software Engineer,Master's,2,47000,14,5,5,0,2,3,2,2,37,No,Travel_Rarely,Single,9,3,2026-01-04,,No
EMP0717,Amit Sharma,Male,21,Operations,Operations Executive,Bachelor's,1,29000,1,1,0,1,3,3,3,2,35,Yes,Travel_Rarely,Single,2,1,2025-01-07,,No
EMP0718,Aarav Gupta,Female,31,Finance,Finance Manager,Master's,2,40000,0,0,0,0,4,3,3,4,32,No,Travel_Rarely,Married,6,2,2018-09-22,2022-06-08,Yes
EMP0719,Rahul Kumar,Male,38,Operations,Operations Coordinator,Bachelor's,3,52000,10,6,3,2,4,2,3,4,37,Yes,Travel_Rarely,Married,18,3,2019-08-02,,No
EMP0720,Kavya Iyer,Female,26,Human Resources,HR Executive,Bachelor's,3,51000,6,6,3,2,2,3,4,3,47,No,Travel_Rarely,Single,10,1,2019-06-09,,No
EMP0721,Kavya Kapoor,Female,39,Marketing,Marketing Executive,Bachelor's,3,54000,11,6,2,3,2,3,4,3,33,No,Travel_Rarely,Married,1,3,2019-01-02,,No
EMP0722,Aisha Malhotra,Female,30,Operations,Operations Executive,Master's,2,45000,3,2,2,1,1,3,3,3,16,Yes,Travel_Frequently,Single,17,1,2022-03-26,,No
EMP0723,Manish Sharma,Male,21,Research & Development,R&D Manager,Bachelor's,1,28000,1,1,1,0,2,4,3,3,25,No,Non-Travel,Married,21,2,2017-01-06,,No
EMP0724,Ravi Joshi,Male,27,Customer Service,Customer Success Manager,Bachelor's,3,54000,2,2,1,2,1,3,4,4,26,No,Travel_Frequently,Single,11,1,2024-07-01,,No
EMP0725,Rohan Banerjee,Female,33,IT,Software Engineer,Master's,3,69000,5,4,1,0,4,3,2,1,54,Yes,Travel_Frequently,Single,13,2,2013-07-25,2018-08-13,Yes
EMP0726,Isha Patel,Female,31,Human Resources,Recruiter,Bachelor's,1,24000,0,0,0,0,2,3,3,3,33,No,Travel_Rarely,Married,13,1,2017-03-16,,No
EMP0727,Arjun Reddy,Male,37,Human Resources,HR Analyst,Master's,3,61000,6,6,3,2,4,4,3,3,30,Yes,Travel_Rarely,Married,12,3,2024-11-30,2026-08-25,Yes
EMP0728,Shreya Gupta,Female,36,Operations,Process Analyst,Master's,3,65000,9,4,2,3,3,4,4,3,39,Yes,Travel_Rarely,Single,15,0,2021-07-11,2024-03-03,Yes
EMP0729,Siddharth Gupta,Male,36,Marketing,Marketing Analyst,Master's,3,54000,13,7,3,3,1,4,3,3,8,No,Travel_Rarely,Married,11,2,2013-08-12,,No
EMP0730,Varun Das,Female,22,Customer Service,Customer Service Representative,Diploma,1,25000,0,0,0,0,3,3,1,3,5,No,Travel_Rarely,Single,3,2,2021-04-17,,No
EMP0731,Siddharth Das,Female,34,Research & Development,Product Researcher,Master's,3,71000,7,4,3,4,4,4,2,3,51,No,Travel_Rarely,Married,17,4,2013-07-22,,No
EMP0732,Priya Malhotra,Male,34,Research & Development,R&D Manager,Bachelor's,2,48000,8,2,2,2,2,3,3,4,27,No,Travel_Rarely,Single,9,3,2018-05-28,,No
EMP0733,Aarav Kapoor,Male,29,Marketing,Marketing Analyst,Bachelor's,2,44000,4,4,3,1,3,1,2,4,51,No,Travel_Rarely,Single,4,5,2023-10-05,2026-04-16,Yes
EMP0734,Rohan Mehta,Male,40,Marketing,Marketing Analyst,Bachelor's,4,81000,13,1,0,1,2,4,4,4,21,No,Travel_Rarely,Single,9,0,2020-02-14,2021-09-30,Yes
EMP0735,Aisha Joshi,Female,27,Sales,Business Development Executive,Master's,3,66000,5,5,3,1,3,1,4,3,37,No,Travel_Frequently,Married,20,3,2021-06-25,,No
EMP0736,Raj Singh,Female,33,Marketing,Digital Marketing Specialist,High School,3,62000,6,5,5,5,3,2,4,3,34,No,Travel_Rarely,Married,6,4,2012-10-14,,No
EMP0737,Abhishek Gupta,Female,31,Marketing,Marketing Executive,High School,2,47000,11,5,4,2,3,2,3,3,34,No,Travel_Rarely,Single,2,4,2012-03-02,,No
EMP0738,Akash Patel,Female,30,Research & Development,R&D Manager,Bachelor's,2,44000,9,5,3,0,3,4,1,3,5,No,Travel_Rarely,Married,8,1,2022-12-14,,No
EMP0739,Nikhil Gupta,Female,28,Marketing,Brand Manager,Master's,1,28000,2,2,0,2,4,3,3,3,52,Yes,Travel_Frequently,Single,2,3,2018-04-22,,No
EMP0740,Meera Iyer,Male,22,Human Resources,Recruiter,Bachelor's,1,30000,2,0,0,0,4,4,3,4,49,No,Travel_Rarely,Married,15,1,2020-04-01,,No
EMP0741,Sanjay Das,Male,29,Finance,Accountant,Bachelor's,3,58000,2,0,0,0,2,2,4,4,25,No,Travel_Rarely,Married,9,1,2021-02-20,,No
EMP0742,Ananya Banerjee,Female,31,Sales,Business Development Executive,Bachelor's,2,40000,10,6,4,5,2,3,4,3,21,No,Travel_Rarely,Married,9,3,2020-09-25,,No
EMP0743,Pooja Banerjee,Female,48,Human Resources,HR Executive,Bachelor's,4,77000,19,4,4,2,4,3,3,3,9,Yes,Travel_Rarely,Divorced,8,3,2025-03-17,,No
EMP0744,Isha Sharma,Male,43,Finance,Accountant,Bachelor's,4,87000,16,1,0,0,2,3,4,4,41,No,Travel_Rarely,Married,6,0,2015-05-20,,No
EMP0745,Varun Verma,Male,25,Finance,Finance Manager,Diploma,1,34000,5,4,3,2,1,3,3,3,74,No,Travel_Rarely,Single,11,3,2022-02-09,,No
EMP0746,Arjun Sen,Female,29,Human Resources,HR Manager,Master's,2,39000,0,0,0,0,1,1,3,4,40,No,Travel_Frequently,Single,8,4,2021-02-11,,No
EMP0747,Ravi Kapoor,Male,21,IT,IT Support Specialist,Master's,1,28000,0,0,0,0,3,3,4,4,20,No,Travel_Rarely,Married,3,0,2026-05-01,,No
EMP0748,Raj Das,Male,36,Marketing,Marketing Executive,Bachelor's,3,68000,14,3,3,2,3,2,2,3,28,Yes,Travel_Rarely,Married,8,2,2022-01-14,,No
EMP0749,Neha Verma,Female,37,Operations,Process Analyst,Bachelor's,3,58000,12,6,3,2,3,2,3,2,31,Yes,Travel_Rarely,Single,2,1,2020-01-30,,No
EMP0750,Nikhil Chatterjee,Male,33,Human Resources,Recruiter,Bachelor's,3,63000,6,2,1,0,3,4,3,3,44,No,Travel_Rarely,Married,25,1,2012-05-22,,No
EMP0751,Riya Chatterjee,Male,28,IT,System Administrator,Bachelor's,2,50000,8,1,0,0,4,3,3,4,38,No,Travel_Rarely,Married,8,4,2022-12-31,,No
EMP0752,Sneha Reddy,Female,41,Research & Development,Research Engineer,Bachelor's,5,116000,10,5,3,5,3,3,3,2,48,Yes,Travel_Rarely,Single,11,2,2025-05-30,,No
EMP0753,Raj Das,Female,43,Operations,Operations Coordinator,Master's,4,92000,13,9,1,0,4,4,4,4,54,No,Travel_Rarely,Single,11,1,2026-08-29,,Yes
EMP0754,Siddharth Das,Female,38,Sales,Business Development Executive,Bachelor's,3,67000,14,7,5,3,4,4,4,2,28,No,Travel_Rarely,Single,7,5,2015-11-10,,No
EMP0755,Siddharth Verma,Male,31,Research & Development,Research Engineer,Bachelor's,1,28000,11,6,0,4,3,2,2,4,23,Yes,Travel_Frequently,Married,6,2,2013-02-15,2019-02-02,Yes
EMP0756,Riya Malhotra,Male,47,Sales,Sales Executive,Bachelor's,4,80000,23,7,3,1,2,2,2,3,46,No,Travel_Rarely,Married,6,1,2024-07-12,2026-03-24,Yes
EMP0757,Sanjay Das,Female,35,Research & Development,Research Engineer,Bachelor's,3,73000,15,3,3,1,4,4,3,3,48,Yes,Travel_Rarely,Single,6,1,2022-08-08,,No
EMP0758,Siddharth Chatterjee,Male,35,Finance,Finance Manager,Bachelor's,3,65000,7,7,3,0,3,3,4,4,21,No,Travel_Rarely,Divorced,1,4,2022-04-25,,No
EMP0759,Rahul Patel,Female,29,Marketing,Marketing Executive,Bachelor's,3,65000,9,3,3,2,3,3,2,4,10,No,Travel_Rarely,Married,7,0,2018-12-09,,No
EMP0760,Neha Das,Female,39,Finance,Accountant,Bachelor's,3,62000,19,7,4,0,3,2,2,3,6,No,Travel_Rarely,Married,10,2,2025-02-10,,No
EMP0761,Manish Kumar,Male,45,Marketing,Brand Manager,Master's,5,122000,14,10,3,2,3,3,3,4,15,No,Travel_Rarely,Married,5,2,2021-02-12,2023-11-16,Yes
EMP0762,Vivaan Nair,Male,35,Human Resources,HR Analyst,High School,3,51000,12,3,1,3,4,2,3,3,19,No,Travel_Rarely,Married,38,0,2019-01-25,,No
EMP0763,Varun Singh,Female,40,Research & Development,Product Researcher,Bachelor's,2,46000,9,8,3,5,3,3,3,3,62,No,Non-Travel,Married,10,0,2022-09-07,,No
EMP0764,Shreya Malhotra,Male,21,Sales,Sales Executive,Bachelor's,1,28000,1,1,0,1,3,4,2,2,33,No,Travel_Rarely,Married,16,3,2021-01-15,,No
EMP0765,Sanjay Mishra,Female,42,Finance,Financial Analyst,Bachelor's,4,90000,16,9,4,1,3,3,3,4,25,No,Non-Travel,Married,7,1,2018-10-20,,No
EMP0766,Sneha Iyer,Female,45,Finance,Accountant,Bachelor's,4,102000,18,6,4,3,3,2,4,3,33,No,Travel_Frequently,Single,4,2,2026-03-02,,No
EMP0767,Aisha Mehta,Female,30,IT,DevOps Engineer,Bachelor's,2,41000,6,6,3,2,4,4,4,3,46,No,Travel_Rarely,Single,12,4,2013-04-07,,No
EMP0768,Riya Patel,Female,39,Sales,Sales Manager,Master's,3,61000,11,5,5,2,2,4,3,5,38,No,Travel_Rarely,Single,1,2,2017-12-21,,No
EMP0769,Ravi Mishra,Female,36,Sales,Sales Manager,Bachelor's,3,66000,12,9,1,1,3,3,4,3,41,Yes,Travel_Rarely,Single,28,0,2020-07-04,2023-07-11,Yes
EMP0770,Priya Nair,Male,22,Finance,Finance Manager,Bachelor's,1,28000,0,0,0,0,2,4,4,4,46,No,Travel_Rarely,Single,16,3,2015-02-01,2017-08-12,Yes
EMP0771,Arjun Sharma,Male,36,IT,Data Analyst,Master's,3,75000,5,0,0,0,3,3,2,3,32,No,Travel_Rarely,Single,7,4,2016-08-19,,No
EMP0772,Aarav Mishra,Female,34,Research & Development,Research Analyst,Bachelor's,4,86000,14,6,1,5,3,4,4,3,40,No,Travel_Rarely,Single,2,3,2020-04-18,,No
EMP0773,Arjun Patel,Female,23,Sales,Sales Manager,Diploma,2,38000,3,3,3,2,3,3,4,3,41,Yes,Travel_Frequently,Married,10,4,2019-10-31,,No
EMP0774,Kavya Das,Female,21,IT,Software Engineer,Bachelor's,1,28000,1,0,0,0,4,2,3,3,15,Yes,Travel_Frequently,Married,5,1,2016-11-26,,No
EMP0775,Aditya Reddy,Female,36,IT,System Administrator,Master's,3,63000,12,6,2,3,1,4,2,1,44,No,Non-Travel,Married,9,2,2012-08-20,2017-10-31,Yes
EMP0776,Sanjay Chatterjee,Male,27,Customer Service,Customer Support Executive,Bachelor's,2,42000,4,2,2,1,3,2,4,3,37,No,Travel_Frequently,Married,10,3,2012-06-07,,No
EMP0777,Diya Reddy,Female,32,Marketing,Marketing Analyst,High School,1,30000,6,2,2,0,1,3,4,3,65,No,Travel_Rarely,Married,13,3,2023-07-17,2024-04-24,Yes
EMP0778,Aarav Mukherjee,Female,26,Sales,Account Manager,Diploma,3,63000,1,0,0,0,3,4,4,3,35,Yes,Travel_Rarely,Married,2,1,2018-09-30,,No
EMP0779,Ravi Kumar,Male,23,Operations,Operations Executive,Master's,1,26000,3,2,2,2,4,2,2,2,44,No,Travel_Rarely,Single,5,1,2013-11-20,,No
EMP0780,Diya Sen,Male,37,Finance,Finance Manager,Bachelor's,2,50000,8,6,1,6,3,4,3,3,14,No,Travel_Frequently,Married,8,3,2014-09-18,,No
EMP0781,Sneha Mishra,Female,42,IT,IT Support Specialist,Master's,4,91000,15,3,3,1,4,1,3,4,33,Yes,Travel_Rarely,Single,9,2,2022-07-18,,No
EMP0782,Sneha Singh,Female,43,Customer Service,Support Analyst,Bachelor's,5,112000,22,5,0,1,3,3,4,3,71,No,Travel_Rarely,Divorced,2,0,2015-12-10,,No
EMP0783,Raj Mehta,Female,31,Research & Development,Research Analyst,Bachelor's,2,53000,11,3,2,3,3,1,3,3,47,No,Non-Travel,Single,9,1,2022-01-08,,No
EMP0784,Arjun Kapoor,Female,26,Human Resources,Recruiter,Bachelor's,2,36000,6,4,4,2,4,2,4,3,38,No,Travel_Frequently,Divorced,4,1,2016-02-18,,No
EMP0785,Vikram Verma,Female,21,Finance,Finance Manager,Master's,1,33000,1,0,0,0,3,3,1,3,60,No,Travel_Rarely,Divorced,19,0,2015-07-03,,No
EMP0786,Arjun Gupta,Female,38,Finance,Accountant,Master's,3,63000,15,8,4,0,3,2,1,5,44,No,Travel_Rarely,Married,5,0,2021-03-17,,No
EMP0787,Meera Banerjee,Male,33,Marketing,Marketing Executive,Master's,2,39000,8,8,4,4,3,2,4,3,30,Yes,Travel_Rarely,Single,4,5,2022-07-19,,No
EMP0788,Manish Verma,Male,33,Human Resources,HR Analyst,Bachelor's,3,64000,13,4,4,4,4,1,4,3,38,No,Non-Travel,Married,9,3,2015-03-02,,No
EMP0789,Rohan Kumar,Female,28,IT,Software Engineer,Bachelor's,2,53000,2,2,2,2,4,3,2,3,23,No,Travel_Rarely,Married,7,0,2015-03-17,2026-09-04,Yes
EMP0790,Manish Banerjee,Female,35,IT,IT Support Specialist,Bachelor's,4,89000,15,4,3,4,3,3,2,4,62,No,Travel_Rarely,Single,7,1,2023-06-28,,No
EMP0791,Varun Sen,Female,38,Operations,Operations Manager,Bachelor's,4,84000,10,7,3,1,4,4,3,3,64,No,Travel_Rarely,Married,10,2,2017-12-12,,No
EMP0792,Siddharth Joshi,Male,30,Marketing,Marketing Analyst,Diploma,1,29000,10,3,3,1,4,2,3,3,23,No,Non-Travel,Married,21,2,2022-09-14,,No
EMP0793,Amit Malhotra,Male,37,Customer Service,Customer Service Representative,Bachelor's,3,59000,15,5,2,3,4,4,3,2,34,No,Travel_Rarely,Married,4,2,2025-04-21,,No
EMP0794,Aisha Roy,Male,27,Research & Development,R&D Manager,Bachelor's,2,51000,7,5,5,4,4,4,3,4,38,No,Non-Travel,Married,3,1,2012-04-20,,No
EMP0795,Priya Das,Male,29,Customer Service,Customer Service Representative,Master's,2,35000,9,8,2,0,3,4,3,5,28,Yes,Travel_Rarely,Single,10,2,2022-01-14,,No
EMP0796,Siddharth Kumar,Female,28,Human Resources,HR Manager,Master's,2,44000,8,5,5,3,3,4,4,4,61,Yes,Travel_Rarely,Single,11,2,2019-08-26,,No
EMP0797,Varun Verma,Male,21,Marketing,Marketing Executive,Diploma,2,41000,1,0,0,0,3,3,3,4,52,Yes,Travel_Frequently,Married,16,4,2019-04-27,,No
EMP0798,Ravi Mukherjee,Female,41,Human Resources,Recruiter,Bachelor's,3,59000,14,2,0,2,3,3,3,3,54,No,Travel_Rarely,Married,8,3,2013-06-19,,No
EMP0799,Aditya Sen,Female,43,Customer Service,Customer Success Manager,Bachelor's,3,50000,20,12,4,0,3,2,3,4,48,No,Travel_Frequently,Married,11,2,2025-07-09,,No
EMP0800,Aditya Banerjee,Female,38,Research & Development,Research Analyst,Bachelor's,3,65000,12,7,3,2,4,1,2,4,48,Yes,Travel_Frequently,Single,3,1,2016-08-09,2020-06-04,Yes
EMP0801,Akash Sharma,Female,35,Research & Development,R&D Manager,Bachelor's,3,74000,15,4,1,3,3,3,4,3,40,No,Travel_Frequently,Divorced,23,4,2017-08-17,,No
EMP0802,Sneha Kumar,Male,22,Operations,Operations Manager,Bachelor's,1,30000,0,0,0,0,4,2,4,5,9,Yes,Travel_Rarely,Single,13,0,2023-02-22,,No
EMP0803,Pooja Banerjee,Male,27,Finance,Finance Manager,Bachelor's,2,45000,5,5,3,1,3,4,3,3,9,Yes,Travel_Rarely,Married,11,1,2021-07-18,2022-12-30,Yes
EMP0804,Aarav Kapoor,Male,36,IT,System Administrator,Master's,3,77000,2,0,0,0,1,3,4,3,31,Yes,Travel_Frequently,Single,3,4,2025-03-02,,No
EMP0805,Nikhil Mishra,Female,21,Finance,Senior Accountant,Bachelor's,1,29000,1,1,0,0,3,2,4,3,48,No,Travel_Rarely,Divorced,13,4,2024-12-03,,No
EMP0806,Aarav Sen,Male,30,Operations,Operations Executive,Diploma,2,42000,7,6,6,4,1,3,2,3,15,No,Travel_Rarely,Divorced,28,4,2015-10-29,2026-09-25,Yes
EMP0807,Neha Das,Male,21,Sales,Account Manager,Master's,1,27000,0,0,0,0,3,3,3,2,52,No,Non-Travel,Single,8,1,2021-05-31,,No
EMP0808,Neha Patel,Male,39,Customer Service,Customer Support Executive,PhD,3,60000,19,4,2,3,3,3,4,3,44,Yes,Travel_Rarely,Divorced,14,2,2013-02-01,,No
EMP0809,Arjun Gupta,Male,28,IT,Software Engineer,Bachelor's,2,52000,5,4,2,0,4,3,3,2,40,Yes,Travel_Rarely,Married,8,2,2023-10-07,,No
EMP0810,Sneha Das,Female,41,Human Resources,Recruiter,Master's,4,74000,11,4,4,1,4,4,2,3,35,No,Non-Travel,Single,4,7,2023-10-26,,No
EMP0811,Raj Das,Female,33,Marketing,Marketing Analyst,Bachelor's,2,45000,13,8,2,4,3,2,2,3,18,Yes,Travel_Rarely,Single,11,1,2021-12-16,,No
EMP0812,Pooja Reddy,Female,39,Sales,Sales Executive,Bachelor's,3,65000,10,5,0,5,2,4,2,3,11,No,Travel_Frequently,Married,5,1,2026-07-22,,No
EMP0813,Amit Malhotra,Male,39,Sales,Business Development Executive,Bachelor's,4,89000,16,9,3,0,4,3,4,3,10,No,Non-Travel,Married,1,3,2018-05-01,,No
EMP0814,Isha Reddy,Male,47,Sales,Account Manager,Diploma,3,62000,14,9,3,0,3,3,3,5,38,No,Travel_Rarely,Married,9,2,2023-08-05,,No
EMP0815,Karan Patel,Male,23,Human Resources,Recruiter,Bachelor's,1,24000,3,2,1,0,1,3,2,5,32,Yes,Travel_Rarely,Married,24,3,2023-03-01,,No
EMP0816,Rahul Joshi,Male,36,IT,Data Analyst,Master's,2,44000,9,5,3,1,4,4,2,3,42,Yes,Travel_Rarely,Single,16,3,2020-04-26,,No
EMP0817,Nikhil Das,Female,21,IT,Data Analyst,Master's,1,28000,0,0,0,0,3,2,3,3,18,No,Travel_Rarely,Single,4,3,2025-03-10,,No
EMP0818,Vikram Kumar,Female,32,Customer Service,Customer Success Manager,Master's,2,38000,8,5,4,5,4,3,3,3,27,No,Travel_Rarely,Married,13,0,2022-09-17,,No
EMP0819,Aarav Reddy,Male,21,Research & Development,Research Engineer,Bachelor's,1,28000,0,0,0,0,3,2,4,3,14,Yes,Travel_Rarely,Divorced,7,0,2017-07-07,,No
EMP0820,Nikhil Reddy,Male,31,Marketing,Marketing Analyst,Bachelor's,3,69000,7,6,2,3,4,3,4,3,34,Yes,Travel_Rarely,Single,13,3,2023-05-21,,No
EMP0821,Neha Mehta,Male,44,Finance,Financial Analyst,Bachelor's,5,143000,15,6,2,2,4,4,2,3,23,No,Non-Travel,Married,13,1,2012-09-06,,No
EMP0822,Kavya Singh,Female,31,Operations,Operations Executive,Master's,2,39000,11,3,2,3,3,4,4,3,30,Yes,Travel_Rarely,Single,7,1,2015-03-13,,No
EMP0823,Kavya Patel,Male,31,Finance,Finance Manager,Bachelor's,2,40000,9,2,1,2,4,1,2,3,37,No,Non-Travel,Divorced,10,3,2013-01-12,2014-12-26,Yes
EMP0824,Isha Joshi,Male,40,Human Resources,Recruiter,Diploma,3,64000,9,6,3,3,2,2,3,3,31,No,Travel_Rarely,Single,15,4,2016-10-18,,No
EMP0825,Vivaan Malhotra,Male,28,IT,IT Support Specialist,Bachelor's,3,71000,3,0,0,0,3,3,3,4,32,No,Travel_Rarely,Single,1,3,2026-01-15,,No
EMP0826,Abhishek Mishra,Male,37,Operations,Operations Manager,Bachelor's,2,43000,6,6,4,4,2,4,4,4,23,No,Non-Travel,Married,13,4,2014-12-28,2024-09-07,Yes
EMP0827,Nikhil Kapoor,Female,21,Customer Service,Customer Support Executive,Bachelor's,2,33000,1,0,0,0,4,3,3,4,24,No,Travel_Rarely,Single,8,1,2019-01-27,,No
EMP0828,Rohan Joshi,Male,32,Finance,Accountant,Master's,2,51000,10,6,6,0,4,4,3,3,48,No,Travel_Rarely,Single,20,0,2018-08-24,,No
EMP0829,Rohan Mehta,Male,34,Research & Development,Product Researcher,Master's,4,93000,3,2,2,2,4,3,2,3,35,No,Travel_Rarely,Divorced,21,4,2021-06-12,2024-06-03,Yes
EMP0830,Aarav Singh,Male,31,Human Resources,Recruiter,Bachelor's,3,49000,1,1,0,1,4,3,3,4,48,Yes,Travel_Rarely,Single,7,0,2014-09-09,,No
EMP0831,Neha Banerjee,Female,35,IT,Software Engineer,Diploma,3,63000,10,5,3,0,1,4,1,4,32,No,Travel_Frequently,Single,8,2,2015-02-20,,No
EMP0832,Diya Patel,Male,37,Operations,Operations Coordinator,Master's,3,59000,7,7,3,0,3,2,3,4,43,Yes,Travel_Rarely,Married,4,2,2025-08-18,,No
EMP0833,Pooja Kapoor,Female,43,Marketing,Digital Marketing Specialist,Bachelor's,5,119000,10,6,1,0,2,3,4,2,33,No,Travel_Rarely,Single,25,1,2012-03-17,,No
EMP0834,Amit Mukherjee,Female,35,Human Resources,HR Analyst,PhD,4,93000,15,4,4,0,4,3,4,5,24,No,Non-Travel,Single,14,4,2018-06-29,,No
EMP0835,Abhishek Mishra,Male,31,Finance,Finance Manager,Master's,2,50000,2,0,0,0,4,3,4,3,56,No,Travel_Rarely,Divorced,5,1,2019-12-14,,No
EMP0836,Karan Joshi,Male,40,IT,IT Support Specialist,Bachelor's,3,77000,14,9,4,6,3,4,3,5,43,No,Travel_Rarely,Divorced,7,5,2026-06-28,,No
EMP0837,Aditya Banerjee,Female,26,Human Resources,HR Executive,High School,2,40000,3,3,0,0,3,4,3,2,36,No,Travel_Rarely,Single,14,1,2023-04-05,,No
EMP0838,Raj Nair,Male,38,Operations,Operations Manager,Master's,4,72000,15,9,7,2,3,3,3,4,39,No,Non-Travel,Married,7,3,2018-11-28,,No
EMP0839,Ravi Das,Male,42,Human Resources,HR Executive,Bachelor's,3,53000,14,5,4,1,1,3,2,2,22,Yes,Travel_Rarely,Married,8,1,2019-05-31,,No
EMP0840,Shreya Patel,Male,39,Research & Development,Product Researcher,Diploma,3,74000,13,8,4,1,2,4,2,4,28,Yes,Non-Travel,Divorced,16,1,2011-11-06,,No
EMP0841,Vikram Verma,Male,44,Sales,Account Manager,Bachelor's,4,81000,18,8,5,2,3,2,4,3,45,Yes,Travel_Rarely,Married,6,1,2013-02-18,,No
EMP0842,Kavya Sharma,Male,39,Finance,Finance Manager,Bachelor's,2,43000,7,7,3,5,4,3,3,2,26,Yes,Travel_Rarely,Divorced,15,2,2015-05-28,,No
EMP0843,Amit Malhotra,Male,32,Customer Service,Customer Success Manager,Bachelor's,2,34000,5,5,4,0,3,2,1,4,33,No,Travel_Rarely,Single,25,5,2013-02-21,2021-05-09,Yes
EMP0844,Ravi Roy,Female,45,Customer Service,Customer Service Representative,Master's,4,82000,10,5,5,2,3,4,3,3,34,No,Travel_Frequently,Married,25,0,2025-05-05,,No
EMP0845,Aditya Malhotra,Male,30,Operations,Operations Coordinator,Master's,2,35000,2,0,0,0,3,3,3,3,43,No,Travel_Rarely,Single,10,1,2019-09-04,,No
EMP0846,Ravi Iyer,Male,43,Customer Service,Support Analyst,Bachelor's,5,112000,17,4,4,4,2,4,3,4,39,No,Travel_Rarely,Single,6,0,2025-12-09,,No
EMP0847,Sneha Sharma,Male,29,Human Resources,HR Manager,Bachelor's,2,37000,3,0,0,0,2,3,2,3,27,Yes,Travel_Rarely,Single,5,2,2024-01-31,2025-02-08,Yes
EMP0848,Neha Sen,Female,34,Customer Service,Support Analyst,Bachelor's,4,81000,8,8,2,3,4,1,4,2,9,No,Travel_Rarely,Single,8,3,2017-01-13,,No
EMP0849,Neha Singh,Male,35,IT,System Administrator,Bachelor's,3,60000,9,3,2,0,3,3,3,3,42,No,Travel_Rarely,Single,10,3,2014-08-20,,No
EMP0850,Neha Patel,Male,27,Operations,Operations Coordinator,Master's,2,37000,7,4,2,2,3,4,4,3,27,No,Travel_Rarely,Single,5,3,2019-05-28,,No
EMP0851,Priya Singh,Female,31,Operations,Operations Manager,Bachelor's,2,38000,9,4,2,3,4,2,3,4,5,No,Travel_Frequently,Single,2,3,2015-02-02,,No
EMP0852,Aditya Joshi,Male,28,Marketing,Marketing Executive,Master's,2,43000,0,0,0,0,4,3,2,4,30,Yes,Travel_Rarely,Married,12,4,2019-02-06,,No
EMP0853,Shreya Mehta,Female,39,Marketing,Marketing Analyst,Bachelor's,3,57000,19,6,4,0,4,2,4,3,64,No,Travel_Rarely,Single,4,0,2013-02-13,,No
EMP0854,Karan Joshi,Female,27,Marketing,Digital Marketing Specialist,Bachelor's,2,40000,1,1,0,1,4,1,3,3,47,Yes,Travel_Rarely,Married,26,4,2013-07-11,,No
EMP0855,Manish Mishra,Male,37,Customer Service,Customer Support Executive,Master's,3,59000,15,7,3,0,2,3,3,4,33,No,Travel_Rarely,Single,2,1,2012-02-21,,No
EMP0856,Sanjay Banerjee,Female,23,Operations,Operations Manager,Master's,1,27000,0,0,0,0,3,3,3,3,25,No,Travel_Rarely,Single,2,3,2018-02-08,,No
EMP0857,Manish Malhotra,Male,36,IT,Data Analyst,Master's,3,76000,12,7,2,0,2,2,2,4,55,Yes,Travel_Rarely,Single,7,2,2013-07-31,,No
EMP0858,Manish Patel,Male,45,IT,DevOps Engineer,Master's,4,109000,18,6,3,3,3,3,2,3,46,Yes,Travel_Rarely,Married,5,4,2016-11-10,,No
EMP0859,Siddharth Kapoor,Male,41,Finance,Senior Accountant,Bachelor's,3,70000,13,3,3,1,2,2,4,3,29,No,Travel_Rarely,Married,11,0,2012-03-11,,No
EMP0860,Diya Mehta,Male,45,Customer Service,Customer Service Representative,Bachelor's,3,58000,21,5,4,4,2,3,1,4,12,No,Travel_Rarely,Married,29,1,2015-06-11,,No
EMP0861,Rohan Kapoor,Male,25,Marketing,Marketing Analyst,Bachelor's,1,29000,0,0,0,0,2,2,3,3,59,No,Travel_Rarely,Single,4,0,2018-02-28,,No
EMP0862,Meera Sen,Female,21,Customer Service,Customer Support Executive,High School,1,22000,0,0,0,0,4,4,4,3,44,No,Travel_Rarely,Married,4,3,2016-07-26,,No
EMP0863,Amit Chatterjee,Male,47,IT,Data Analyst,Master's,4,88000,12,7,4,3,3,3,3,3,45,Yes,Travel_Rarely,Married,6,0,2020-06-23,,No
EMP0864,Meera Reddy,Female,21,Human Resources,HR Analyst,Bachelor's,1,29000,0,0,0,0,4,3,4,2,28,Yes,Non-Travel,Single,4,0,2012-11-18,,No
EMP0865,Ananya Sharma,Male,32,Customer Service,Customer Support Executive,Bachelor's,1,23000,6,4,3,4,3,4,4,3,61,Yes,Travel_Rarely,Single,12,0,2012-07-18,,No
EMP0866,Diya Mishra,Male,34,Finance,Financial Analyst,Master's,4,92000,8,6,4,3,3,1,4,3,36,Yes,Non-Travel,Single,6,3,2024-10-06,,No
EMP0867,Ananya Kumar,Male,40,Research & Development,Research Analyst,Bachelor's,3,64000,16,3,2,1,1,3,1,3,19,No,Travel_Rarely,Divorced,12,3,2024-09-11,,No
EMP0868,Vikram Patel,Female,26,Marketing,Marketing Analyst,Bachelor's,2,46000,4,4,1,0,3,3,4,3,26,No,Travel_Rarely,Divorced,12,1,2012-10-01,,No
EMP0869,Amit Nair,Female,32,Research & Development,Research Engineer,Master's,2,45000,10,4,4,2,3,2,3,4,32,No,Travel_Rarely,Married,18,4,2024-02-13,,No
EMP0870,Priya Mukherjee,Male,28,Customer Service,Customer Success Manager,Bachelor's,2,38000,5,4,4,2,3,4,4,3,24,No,Travel_Rarely,Single,5,2,2025-04-07,,No
EMP0871,Rohan Banerjee,Female,33,Research & Development,R&D Manager,Master's,3,73000,0,0,0,0,2,1,3,4,11,No,Travel_Rarely,Married,11,1,2015-05-04,,No
EMP0872,Riya Mishra,Female,22,Finance,Senior Accountant,Bachelor's,1,29000,2,1,1,1,2,3,1,2,39,Yes,Travel_Frequently,Married,6,5,2015-06-16,,No
EMP0873,Vikram Banerjee,Male,27,Operations,Process Analyst,Bachelor's,2,46000,5,2,2,2,3,3,3,4,7,No,Travel_Frequently,Single,4,2,2026-03-15,,No
EMP0874,Amit Singh,Female,25,Sales,Account Manager,Diploma,1,28000,2,1,1,1,4,2,3,4,38,No,Non-Travel,Married,28,1,2012-04-15,2019-06-01,Yes
EMP0875,Arjun Singh,Male,43,Sales,Sales Executive,Master's,4,86000,18,2,2,2,3,3,3,4,21,No,Travel_Rarely,Single,4,2,2021-05-16,,No
EMP0876,Abhishek Mehta,Female,35,IT,IT Support Specialist,Bachelor's,4,109000,9,8,5,0,3,2,3,4,26,No,Travel_Rarely,Single,5,2,2024-12-05,,No
EMP0877,Sneha Mehta,Female,41,Customer Service,Customer Service Representative,Master's,5,116000,13,5,2,4,2,2,2,3,56,No,Travel_Rarely,Single,8,2,2020-04-12,,No
EMP0878,Akash Sen,Female,36,IT,System Administrator,Master's,3,69000,10,7,3,1,4,2,3,1,65,Yes,Travel_Frequently,Married,4,0,2023-02-12,,No
EMP0879,Kavya Gupta,Male,26,Customer Service,Customer Service Representative,Diploma,2,41000,6,4,2,2,3,2,3,4,42,Yes,Travel_Rarely,Single,10,1,2015-03-27,,No
EMP0880,Aditya Singh,Male,32,Finance,Financial Analyst,Master's,2,48000,8,4,1,0,3,2,3,3,34,Yes,Travel_Frequently,Married,2,0,2022-10-29,,No
EMP0881,Meera Das,Male,40,Human Resources,HR Manager,Master's,3,58000,8,5,5,0,3,3,3,4,24,Yes,Travel_Rarely,Married,3,3,2025-12-31,,No
EMP0882,Isha Mehta,Male,41,Customer Service,Support Analyst,Diploma,3,53000,12,9,5,2,4,3,3,3,28,Yes,Travel_Frequently,Single,7,2,2012-04-20,,No
EMP0883,Riya Gupta,Female,29,Research & Development,Product Researcher,Bachelor's,2,45000,9,8,4,7,4,3,3,2,13,Yes,Travel_Rarely,Single,13,2,2020-07-10,2021-09-08,Yes
EMP0884,Kavya Sharma,Male,30,Marketing,Marketing Executive,Master's,2,38000,8,8,2,4,3,2,3,3,25,No,Travel_Rarely,Single,1,5,2015-08-18,,No
EMP0885,Siddharth Kapoor,Female,42,Sales,Sales Manager,Master's,4,74000,22,5,3,1,2,4,3,5,57,Yes,Travel_Rarely,Married,8,1,2021-01-13,,No
EMP0886,Sneha Verma,Female,21,Customer Service,Customer Service Representative,High School,2,37000,1,1,1,1,3,3,2,4,30,No,Travel_Rarely,Married,7,0,2016-10-19,,No
EMP0887,Rohan Mehta,Female,39,Customer Service,Customer Support Executive,Bachelor's,3,57000,11,5,4,2,3,1,3,3,37,No,Travel_Rarely,Married,24,2,2026-02-23,2026-09-08,Yes
EMP0888,Aisha Kumar,Male,44,Operations,Process Analyst,Bachelor's,5,125000,16,5,4,1,4,4,3,3,38,No,Travel_Rarely,Married,6,1,2024-04-29,,No
EMP0889,Shreya Sen,Female,33,Human Resources,HR Analyst,Bachelor's,3,61000,9,6,2,0,4,3,3,2,59,No,Travel_Frequently,Married,17,2,2025-02-03,,No
EMP0890,Priya Banerjee,Female,21,Finance,Finance Manager,Bachelor's,2,39000,0,0,0,0,3,3,3,3,31,No,Travel_Rarely,Married,2,2,2014-11-19,,No
EMP0891,Nikhil Chatterjee,Male,27,Operations,Process Analyst,Bachelor's,2,42000,5,5,3,0,3,2,3,3,50,Yes,Travel_Rarely,Married,7,2,2019-04-30,,No
EMP0892,Siddharth Mehta,Male,37,Customer Service,Support Analyst,Master's,3,56000,17,8,1,0,3,3,3,2,29,Yes,Travel_Rarely,Married,2,0,2020-07-30,2023-03-10,Yes
EMP0893,Raj Kumar,Female,33,Research & Development,Product Researcher,Bachelor's,3,58000,10,2,2,2,3,4,3,3,44,Yes,Travel_Rarely,Single,10,2,2014-11-23,2023-06-29,Yes
EMP0894,Manish Roy,Male,34,Sales,Business Development Executive,Bachelor's,2,44000,9,2,1,2,2,2,4,3,17,Yes,Travel_Rarely,Single,3,2,2014-04-05,,No
EMP0895,Shreya Kumar,Male,38,Finance,Accountant,Bachelor's,3,59000,7,4,4,3,4,4,3,3,5,Yes,Travel_Rarely,Married,13,2,2015-08-13,,No
EMP0896,Amit Reddy,Male,39,IT,Data Analyst,Master's,2,52000,10,6,2,3,4,3,3,2,14,No,Travel_Rarely,Married,4,0,2015-06-23,,No
EMP0897,Abhishek Verma,Male,21,IT,Data Analyst,Bachelor's,1,35000,0,0,0,0,4,4,3,3,62,No,Travel_Rarely,Single,15,2,2015-02-18,,No
EMP0898,Aisha Sen,Female,21,IT,DevOps Engineer,Bachelor's,2,49000,0,0,0,0,3,3,4,3,36,Yes,Travel_Rarely,Single,10,1,2021-09-05,,No
EMP0899,Sneha Mishra,Female,21,Customer Service,Customer Support Executive,Bachelor's,2,42000,1,1,1,0,3,3,2,3,25,Yes,Travel_Rarely,Married,7,1,2012-04-21,,No
EMP0900,Riya Verma,Female,36,Sales,Account Manager,High School,3,69000,11,3,2,3,3,3,1,3,17,No,Travel_Rarely,Single,7,4,2019-07-28,,No
EMP0901,Sneha Kumar,Male,21,Human Resources,HR Manager,Bachelor's,2,37000,1,0,0,0,3,4,4,5,26,No,Travel_Rarely,Single,12,1,2015-04-28,2023-08-12,Yes
EMP0902,Pooja Roy,Male,42,Marketing,Brand Manager,Diploma,3,66000,14,5,5,1,3,4,2,3,22,Yes,Non-Travel,Married,6,2,2025-09-08,2026-08-21,Yes
EMP0903,Raj Gupta,Male,38,Research & Development,R&D Manager,Bachelor's,4,95000,9,3,1,1,4,2,3,2,29,Yes,Travel_Rarely,Single,24,1,2014-07-18,,No
EMP0904,Pooja Mukherjee,Female,40,Human Resources,HR Manager,High School,3,53000,8,8,3,0,4,4,3,2,28,No,Non-Travel,Single,13,2,2012-11-05,,No
EMP0905,Sanjay Mishra,Male,38,Operations,Process Analyst,Bachelor's,3,63000,13,4,2,4,4,4,2,3,38,Yes,Travel_Frequently,Single,13,3,2018-03-15,,No
EMP0906,Raj Mehta,Female,25,Customer Service,Support Analyst,Bachelor's,2,36000,1,1,1,1,3,3,4,3,39,No,Travel_Rarely,Single,9,1,2020-11-26,,No
EMP0907,Sanjay Mehta,Male,37,IT,Data Analyst,PhD,2,40000,15,5,3,2,4,2,4,3,35,No,Non-Travel,Married,3,1,2012-02-14,,No
EMP0908,Manish Mishra,Male,37,Human Resources,Recruiter,Diploma,3,61000,7,4,4,4,4,4,3,3,29,No,Travel_Rarely,Single,7,2,2014-09-08,,No
EMP0909,Vivaan Verma,Female,30,Sales,Business Development Executive,Bachelor's,2,42000,5,5,5,4,4,4,4,2,40,No,Travel_Rarely,Married,6,4,2012-09-01,,No
EMP0910,Sanjay Mehta,Male,28,Operations,Operations Manager,Bachelor's,2,45000,8,7,5,0,1,2,4,3,54,Yes,Travel_Rarely,Married,6,0,2020-02-02,2025-02-07,Yes
EMP0911,Priya Sen,Male,25,Operations,Process Analyst,Master's,1,26000,4,0,0,0,3,4,4,3,27,No,Travel_Rarely,Married,10,1,2024-06-18,,No
EMP0912,Rohan Reddy,Male,36,Research & Development,Product Researcher,Master's,2,51000,13,4,4,2,2,3,3,3,15,Yes,Non-Travel,Single,24,0,2021-02-22,,No
EMP0913,Isha Mishra,Male,47,Marketing,Digital Marketing Specialist,Diploma,3,59000,9,1,1,0,4,3,3,2,5,No,Travel_Frequently,Married,8,4,2022-10-30,2025-11-24,Yes
EMP0914,Raj Banerjee,Female,44,Operations,Operations Coordinator,Bachelor's,5,101000,12,3,3,3,3,4,4,3,55,No,Travel_Rarely,Married,15,2,2024-12-27,,No
EMP0915,Ananya Sen,Female,28,Finance,Accountant,Bachelor's,3,56000,0,0,0,0,3,4,3,5,60,No,Non-Travel,Married,9,2,2017-07-16,2019-09-10,Yes
EMP0916,Pooja Verma,Female,28,Finance,Accountant,Bachelor's,2,49000,8,4,4,0,2,3,3,4,17,No,Travel_Rarely,Single,7,3,2015-05-28,,No
EMP0917,Abhishek Patel,Female,31,IT,IT Support Specialist,Bachelor's,2,44000,0,0,0,0,3,4,3,3,37,No,Travel_Rarely,Divorced,25,2,2020-08-25,,No
EMP0918,Aisha Nair,Female,42,Marketing,Digital Marketing Specialist,Bachelor's,4,75000,11,8,4,0,2,3,3,2,52,Yes,Travel_Rarely,Single,4,3,2023-11-18,,No
EMP0919,Ravi Patel,Female,29,Human Resources,HR Executive,Bachelor's,1,24000,9,6,1,2,2,4,3,3,44,No,Travel_Rarely,Married,5,5,2012-09-01,2020-02-09,Yes
EMP0920,Priya Das,Male,48,Sales,Sales Executive,Master's,4,91000,18,3,3,0,2,2,3,5,42,Yes,Travel_Rarely,Married,6,1,2023-07-24,2025-10-08,Yes
EMP0921,Diya Mishra,Male,37,Marketing,Digital Marketing Specialist,Bachelor's,3,53000,7,3,3,3,2,3,3,2,49,No,Travel_Rarely,Married,4,6,2021-11-28,,No
EMP0922,Kavya Chatterjee,Male,34,Customer Service,Support Analyst,Bachelor's,4,69000,6,3,1,3,4,3,3,3,11,Yes,Travel_Rarely,Single,8,4,2024-12-10,,No
EMP0923,Rohan Das,Female,31,Human Resources,HR Manager,Bachelor's,2,36000,6,4,4,1,3,3,2,3,33,No,Travel_Frequently,Married,17,2,2024-02-22,,No
EMP0924,Diya Singh,Female,37,IT,System Administrator,Bachelor's,2,51000,12,3,3,0,1,1,4,3,67,Yes,Travel_Rarely,Married,15,1,2020-09-04,,No
EMP0925,Sanjay Banerjee,Male,40,Operations,Operations Coordinator,Master's,3,52000,19,4,2,0,4,4,2,4,20,Yes,Travel_Rarely,Single,9,2,2019-04-07,2021-04-30,Yes
EMP0926,Akash Joshi,Female,34,Marketing,Digital Marketing Specialist,Bachelor's,3,59000,10,1,0,1,4,3,3,4,22,No,Non-Travel,Married,6,5,2022-12-31,,No
EMP0927,Rohan Banerjee,Female,48,Marketing,Brand Manager,PhD,5,116000,10,6,3,1,3,3,3,4,44,No,Travel_Rarely,Married,39,2,2024-01-13,,No
EMP0928,Manish Iyer,Male,30,Operations,Operations Executive,Bachelor's,2,36000,8,0,0,0,4,3,4,4,44,No,Travel_Rarely,Single,10,1,2018-10-30,,No
EMP0929,Akash Iyer,Male,27,IT,Data Analyst,Bachelor's,2,44000,3,0,0,0,3,1,2,3,7,No,Travel_Rarely,Single,14,1,2012-10-31,,No
EMP0930,Raj Kumar,Male,35,Customer Service,Customer Service Representative,Master's,3,52000,10,8,2,2,4,3,3,3,37,Yes,Travel_Frequently,Single,8,0,2026-08-05,,No
EMP0931,Manish Das,Female,21,Customer Service,Customer Success Manager,Bachelor's,1,22000,1,1,0,0,1,3,3,3,40,No,Non-Travel,Divorced,13,1,2017-07-21,2021-04-28,Yes
EMP0932,Vikram Kumar,Male,43,Customer Service,Customer Support Executive,Bachelor's,4,81000,15,7,4,0,4,3,4,4,19,No,Non-Travel,Single,6,4,2014-06-26,,No
EMP0933,Aarav Verma,Male,33,Marketing,Digital Marketing Specialist,Bachelor's,2,46000,10,9,5,0,2,4,4,3,38,Yes,Travel_Rarely,Single,11,0,2013-08-18,,No
EMP0934,Aditya Mukherjee,Male,44,Finance,Finance Manager,Master's,4,100000,14,4,4,2,3,4,4,5,38,Yes,Travel_Rarely,Married,32,2,2023-10-04,,No
EMP0935,Abhishek Mukherjee,Male,42,Customer Service,Support Analyst,Bachelor's,3,54000,14,5,4,3,4,2,2,3,50,No,Travel_Rarely,Single,13,3,2016-11-05,,No
EMP0936,Abhishek Mehta,Female,38,Research & Development,R&D Manager,Bachelor's,3,57000,11,8,6,0,4,1,2,3,51,Yes,Travel_Rarely,Single,9,3,2019-05-11,,No
EMP0937,Amit Sharma,Female,41,Research & Development,Research Analyst,Diploma,3,67000,2,2,2,2,3,4,3,3,32,No,Travel_Rarely,Married,20,1,2014-06-13,,No
EMP0938,Vivaan Banerjee,Male,23,Customer Service,Customer Success Manager,Diploma,1,21000,0,0,0,0,4,3,4,4,22,No,Travel_Frequently,Single,16,1,2021-01-01,,No
EMP0939,Kavya Mukherjee,Male,43,Marketing,Marketing Analyst,High School,4,99000,14,2,2,2,3,2,2,2,25,No,Travel_Rarely,Single,7,0,2014-04-21,2020-09-20,Yes
EMP0940,Manish Banerjee,Male,40,Sales,Sales Manager,Bachelor's,3,55000,11,2,2,2,1,1,3,4,46,No,Travel_Frequently,Single,9,3,2024-01-27,,No
EMP0941,Sanjay Kapoor,Male,27,Marketing,Marketing Executive,Master's,3,69000,6,3,3,2,1,4,3,3,44,Yes,Non-Travel,Single,6,1,2024-12-15,2026-09-12,Yes
EMP0942,Neha Roy,Male,33,Operations,Operations Coordinator,Bachelor's,3,64000,7,3,3,3,3,3,4,2,28,Yes,Travel_Rarely,Married,8,0,2014-02-02,,No
EMP0943,Aarav Mehta,Male,32,Human Resources,HR Manager,Master's,2,43000,9,5,3,5,3,2,3,3,49,No,Travel_Rarely,Married,17,5,2015-12-20,,No
EMP0944,Akash Roy,Male,37,Customer Service,Customer Support Executive,Bachelor's,4,70000,10,6,3,0,2,4,3,3,19,Yes,Travel_Rarely,Married,1,0,2021-03-09,,No
EMP0945,Shreya Mehta,Male,37,Sales,Account Manager,Master's,3,63000,17,11,2,1,3,3,4,3,53,No,Travel_Rarely,Married,29,4,2016-12-09,,No
EMP0946,Varun Roy,Female,26,Customer Service,Customer Support Executive,Bachelor's,3,57000,4,2,1,2,2,1,2,2,21,No,Travel_Rarely,Single,5,2,2021-10-15,2026-05-05,Yes
EMP0947,Siddharth Das,Female,40,Operations,Operations Coordinator,Bachelor's,3,58000,13,3,3,2,3,3,4,3,39,No,Travel_Rarely,Married,10,4,2026-08-13,,No
EMP0948,Neha Kumar,Male,37,Marketing,Marketing Executive,Bachelor's,3,65000,17,5,4,2,4,4,4,3,16,Yes,Non-Travel,Single,6,1,2018-02-12,,No
EMP0949,Isha Sharma,Male,30,Sales,Account Manager,Bachelor's,2,45000,0,0,0,0,3,3,3,3,24,No,Travel_Rarely,Single,2,2,2014-10-03,2020-07-03,Yes
EMP0950,Siddharth Mehta,Male,46,Human Resources,HR Executive,Bachelor's,4,81000,13,6,6,0,3,2,4,3,42,No,Travel_Rarely,Single,14,0,2014-03-01,,No
EMP0951,Diya Kumar,Female,24,Human Resources,HR Analyst,High School,2,36000,0,0,0,0,4,3,3,3,19,No,Non-Travel,Single,13,4,2014-03-12,,No
EMP0952,Varun Nair,Male,27,Marketing,Digital Marketing Specialist,Bachelor's,2,46000,3,3,2,2,4,3,3,3,43,No,Travel_Frequently,Single,4,0,2019-04-20,,No
EMP0953,Manish Verma,Male,40,Research & Development,Research Engineer,Bachelor's,3,68000,8,4,4,0,3,2,4,3,21,No,Travel_Rarely,Single,10,0,2013-05-22,,No
EMP0954,Pooja Iyer,Female,24,Finance,Accountant,Diploma,1,29000,0,0,0,0,3,4,3,5,53,No,Travel_Frequently,Married,6,2,2013-11-09,,No
EMP0955,Akash Sen,Male,38,Marketing,Digital Marketing Specialist,Bachelor's,2,47000,8,5,4,0,3,3,3,1,28,No,Travel_Rarely,Single,18,5,2020-12-30,,No
EMP0956,Arjun Patel,Male,57,Finance,Finance Manager,Bachelor's,4,101000,25,6,5,2,4,4,3,3,45,No,Travel_Frequently,Married,9,1,2017-12-07,,No
EMP0957,Amit Gupta,Male,33,IT,Data Analyst,Bachelor's,2,45000,0,0,0,0,2,3,3,3,39,Yes,Non-Travel,Married,9,2,2016-05-04,,No
EMP0958,Manish Chatterjee,Female,46,Customer Service,Customer Support Executive,Master's,4,82000,14,5,3,2,2,3,2,2,26,Yes,Travel_Rarely,Single,18,1,2013-08-30,,No
EMP0959,Karan Patel,Male,41,Sales,Account Manager,Master's,3,57000,11,11,3,5,3,3,3,3,20,No,Travel_Frequently,Married,5,0,2024-11-23,,No
EMP0960,Ravi Iyer,Male,31,Finance,Senior Accountant,Bachelor's,2,48000,6,6,2,4,4,3,3,3,16,No,Travel_Rarely,Single,13,3,2020-11-11,,No
EMP0961,Manish Kapoor,Male,34,Sales,Sales Executive,Diploma,3,57000,5,3,3,3,1,4,3,4,63,No,Travel_Rarely,Married,12,2,2014-10-17,2019-04-26,Yes
EMP0962,Pooja Verma,Female,23,Finance,Financial Analyst,Bachelor's,1,28000,3,3,3,2,4,2,3,3,49,No,Travel_Rarely,Single,10,1,2014-10-25,,No
EMP0963,Vivaan Nair,Male,21,Finance,Accountant,Bachelor's,2,46000,0,0,0,0,3,3,3,2,37,No,Travel_Rarely,Married,2,5,2018-12-24,,No
EMP0964,Vikram Kumar,Female,30,Operations,Operations Executive,High School,1,24000,0,0,0,0,1,3,1,4,35,Yes,Travel_Rarely,Married,18,2,2026-01-18,,No
EMP0965,Aditya Singh,Male,33,Sales,Account Manager,Bachelor's,3,56000,13,4,3,1,3,4,4,3,38,No,Travel_Frequently,Single,8,3,2014-05-06,,No
EMP0966,Kavya Chatterjee,Female,39,Marketing,Digital Marketing Specialist,Master's,2,37000,14,3,0,3,3,3,3,3,28,No,Non-Travel,Single,19,2,2018-03-30,,No
EMP0967,Raj Roy,Male,24,Research & Development,Research Analyst,Bachelor's,1,34000,2,0,0,0,1,1,3,4,19,No,Travel_Rarely,Single,4,1,2023-05-02,,No
EMP0968,Rohan Reddy,Male,42,Sales,Sales Manager,Master's,4,94000,8,6,3,2,3,4,3,2,55,No,Travel_Rarely,Married,4,4,2012-09-13,,No
EMP0969,Vivaan Mehta,Male,51,Finance,Accountant,Master's,4,87000,22,4,1,0,3,3,4,1,16,No,Travel_Rarely,Divorced,12,1,2023-07-22,,No
EMP0970,Aditya Roy,Male,24,IT,Software Engineer,Bachelor's,2,40000,0,0,0,0,3,4,4,4,34,Yes,Travel_Rarely,Divorced,6,3,2026-03-14,2026-09-25,Yes
EMP0971,Neha Verma,Male,21,Customer Service,Customer Support Executive,Diploma,1,26000,0,0,0,0,3,2,1,4,39,No,Travel_Rarely,Single,12,2,2024-07-30,,No
EMP0972,Vikram Chatterjee,Male,35,Human Resources,HR Executive,Bachelor's,3,63000,2,2,1,2,4,3,3,3,24,Yes,Travel_Rarely,Married,1,4,2013-08-09,,No
EMP0973,Vivaan Reddy,Male,25,Customer Service,Customer Support Executive,Master's,1,25000,5,5,4,1,4,4,1,3,52,Yes,Travel_Rarely,Single,7,0,2015-12-15,,No
EMP0974,Sanjay Sharma,Female,44,Research & Development,R&D Manager,Master's,4,86000,12,8,6,4,4,3,4,3,36,No,Non-Travel,Single,3,1,2014-03-16,,No
EMP0975,Pooja Joshi,Male,32,Marketing,Marketing Analyst,Diploma,2,42000,5,4,4,1,3,3,3,3,41,No,Travel_Rarely,Divorced,15,1,2018-04-18,,No
EMP0976,Abhishek Singh,Male,49,Operations,Operations Manager,Bachelor's,5,107000,20,5,1,2,3,4,3,3,38,Yes,Non-Travel,Single,27,1,2025-03-20,,No
EMP0977,Meera Das,Male,30,Finance,Accountant,Bachelor's,2,41000,10,3,3,0,2,2,3,3,36,Yes,Travel_Frequently,Married,15,2,2013-06-26,,No
EMP0978,Abhishek Sen,Female,21,Research & Development,Product Researcher,Diploma,2,43000,1,0,0,0,4,4,4,4,11,No,Non-Travel,Married,19,2,2016-06-10,,No
EMP0979,Raj Sharma,Female,35,Operations,Operations Coordinator,Diploma,2,40000,9,7,1,0,3,4,2,3,24,No,Travel_Rarely,Single,2,2,2018-02-14,,No
EMP0980,Shreya Das,Female,32,Customer Service,Customer Service Representative,Bachelor's,3,46000,9,8,6,4,3,3,3,4,37,Yes,Travel_Rarely,Married,13,2,2023-07-23,,No
EMP0981,Riya Chatterjee,Male,21,Marketing,Digital Marketing Specialist,Bachelor's,1,25000,1,0,0,0,3,1,2,5,52,Yes,Travel_Rarely,Single,1,2,2016-08-06,,No
EMP0982,Kavya Mishra,Male,38,Research & Development,Product Researcher,Bachelor's,3,72000,11,5,4,5,2,4,3,4,61,No,Travel_Rarely,Single,8,1,2012-09-21,,No
EMP0983,Siddharth Sharma,Female,21,Operations,Operations Manager,Bachelor's,1,23000,0,0,0,0,3,4,1,4,28,Yes,Non-Travel,Married,2,3,2012-03-01,,No
EMP0984,Karan Roy,Male,32,Finance,Finance Manager,Master's,2,48000,2,1,0,1,2,4,1,3,19,No,Travel_Rarely,Married,6,2,2014-01-01,,No
EMP0985,Manish Singh,Male,22,Operations,Process Analyst,Bachelor's,1,23000,2,1,0,0,3,3,2,3,34,No,Travel_Rarely,Married,6,3,2014-12-17,,No
EMP0986,Kavya Kumar,Male,29,IT,Software Engineer,Master's,2,49000,5,4,3,3,1,3,3,3,21,No,Travel_Rarely,Married,12,3,2024-02-07,,No
EMP0987,Kavya Mishra,Male,39,Finance,Accountant,Bachelor's,3,69000,15,11,5,5,2,2,3,4,39,Yes,Travel_Rarely,Married,34,1,2024-06-03,,No
EMP0988,Aditya Chatterjee,Male,37,Human Resources,HR Executive,Bachelor's,3,59000,11,2,0,1,3,4,3,3,47,No,Travel_Frequently,Single,7,1,2025-10-07,,No
EMP0989,Aisha Chatterjee,Female,49,Research & Development,Research Analyst,Bachelor's,5,127000,17,4,4,3,3,3,3,4,33,Yes,Travel_Rarely,Single,17,5,2012-03-28,,No
EMP0990,Ravi Chatterjee,Female,36,Finance,Accountant,Diploma,4,99000,10,8,3,1,4,4,2,4,34,No,Travel_Rarely,Married,12,2,2012-12-27,,No
EMP0991,Nikhil Sharma,Female,25,Research & Development,Research Engineer,Diploma,1,27000,5,5,0,2,4,4,1,3,11,No,Travel_Rarely,Divorced,12,2,2016-11-16,,No
EMP0992,Akash Banerjee,Female,31,Operations,Operations Manager,Bachelor's,3,54000,8,4,3,4,3,3,1,4,39,No,Non-Travel,Single,8,1,2020-11-25,,No
EMP0993,Arjun Mishra,Female,27,Customer Service,Customer Success Manager,Master's,1,28000,2,0,0,0,4,3,4,3,45,Yes,Travel_Rarely,Single,16,2,2024-02-10,,No
EMP0994,Aisha Mukherjee,Male,30,Sales,Sales Manager,Bachelor's,1,26000,9,6,3,1,3,3,3,3,39,Yes,Travel_Rarely,Married,4,1,2014-06-16,,No
EMP0995,Karan Kumar,Male,39,Human Resources,HR Manager,Master's,3,62000,9,4,1,4,4,3,4,4,32,No,Travel_Rarely,Married,2,1,2011-10-14,2023-10-20,Yes
EMP0996,Isha Sen,Male,27,Customer Service,Customer Service Representative,Diploma,3,58000,4,4,4,3,4,3,2,2,15,Yes,Travel_Rarely,Married,14,4,2012-05-01,2014-04-23,Yes
EMP0997,Aisha Joshi,Male,38,Marketing,Marketing Executive,Bachelor's,3,65000,6,3,1,1,4,3,3,4,38,No,Travel_Rarely,Married,7,1,2021-09-14,,No
EMP0998,Siddharth Mishra,Male,44,Operations,Operations Manager,Bachelor's,4,89000,18,6,4,2,4,3,3,3,42,Yes,Travel_Frequently,Married,7,1,2020-10-21,,No
EMP0999,Isha Mishra,Female,26,Operations,Operations Executive,Diploma,2,37000,0,0,0,0,4,4,4,4,67,No,Travel_Frequently,Married,8,1,2025-04-04,2026-02-12,Yes
EMP1000,Aarav Reddy,Female,33,Marketing,Marketing Executive,Bachelor's,4,75000,9,2,2,0,3,2,2,4,34,No,Travel_Frequently,Single,1,5,2020-10-05,2024-04-22,Yes
EMP1001,Abhishek Patel,Male,28,Finance,Accountant,Diploma,2,42000,8,5,4,0,2,3,2,3,31,No,Travel_Frequently,Single,3,3,2022-04-02,,No
EMP1002,Riya Mukherjee,Male,35,Finance,Accountant,Master's,3,61000,5,5,3,0,3,3,3,4,44,Yes,Travel_Rarely,Single,3,3,2020-08-19,,No
EMP1003,Vivaan Das,Male,25,Marketing,Marketing Executive,Bachelor's,1,30000,0,0,0,0,3,2,3,2,31,Yes,Travel_Rarely,Married,17,2,2023-04-11,2024-10-24,Yes
EMP1004,Aditya Sharma,Female,33,Sales,Account Manager,Bachelor's,4,96000,11,11,3,1,4,2,2,3,28,No,Travel_Rarely,Married,14,3,2022-10-12,,No
EMP1005,Vikram Sen,Male,25,Customer Service,Customer Support Executive,Bachelor's,2,40000,5,5,3,1,4,4,2,3,51,No,Non-Travel,Single,12,2,2021-11-05,,No
EMP1006,Aarav Mehta,Female,30,Customer Service,Support Analyst,PhD,2,40000,8,8,4,5,3,4,3,4,32,Yes,Travel_Rarely,Married,11,1,2015-01-18,,No
EMP1007,Aarav Mukherjee,Female,35,Customer Service,Customer Support Executive,Master's,2,32000,7,4,2,2,2,3,3,3,8,No,Travel_Rarely,Married,19,0,2012-02-04,,No
EMP1008,Pooja Iyer,Female,34,Marketing,Brand Manager,Master's,3,68000,9,7,2,1,3,4,2,5,57,Yes,Travel_Rarely,Divorced,6,1,2025-02-01,,No
EMP1009,Pooja Malhotra,Male,28,Marketing,Digital Marketing Specialist,Bachelor's,2,42000,8,0,0,0,3,3,1,3,15,No,Non-Travel,Single,21,2,2012-07-09,,No
EMP1010,Nikhil Verma,Female,40,Customer Service,Customer Success Manager,Bachelor's,3,57000,16,6,6,2,2,4,3,4,13,No,Travel_Rarely,Married,10,2,2018-02-13,,No
EMP1011,Siddharth Kapoor,Male,35,IT,IT Support Specialist,Master's,2,44000,8,5,3,3,2,3,3,3,33,No,Travel_Frequently,Single,12,1,2025-07-26,,No
EMP1012,Aisha Patel,Female,23,Sales,Account Manager,Bachelor's,1,28000,3,3,2,3,3,2,3,4,32,No,Travel_Rarely,Single,23,0,2014-08-31,,No
EMP1013,Riya Singh,Male,29,IT,DevOps Engineer,Bachelor's,2,47000,5,5,5,0,3,2,3,3,31,Yes,Travel_Rarely,Single,11,1,2019-11-05,,No
EMP1014,Aisha Reddy,Female,29,Operations,Operations Coordinator,High School,2,42000,9,3,2,0,2,3,3,4,50,No,Travel_Rarely,Single,8,2,2023-07-04,,No
EMP1015,Riya Reddy,Male,26,Operations,Process Analyst,Bachelor's,1,24000,0,0,0,0,4,3,4,4,25,No,Travel_Rarely,Single,10,1,2016-02-15,,No
EMP1016,Ravi Malhotra,Female,46,Operations,Operations Coordinator,Diploma,3,63000,12,2,2,2,3,3,3,3,53,No,Travel_Rarely,Married,10,6,2019-06-18,,No
EMP1017,Riya Gupta,Male,33,Finance,Accountant,Bachelor's,3,62000,6,6,2,2,3,2,4,4,53,Yes,Travel_Rarely,Single,26,2,2012-05-03,,No
EMP1018,Neha Joshi,Male,29,Customer Service,Customer Success Manager,Bachelor's,1,24000,3,3,2,3,3,3,4,3,35,Yes,Travel_Rarely,Single,12,6,2023-04-02,,No
EMP1019,Aditya Das,Female,33,Research & Development,Research Engineer,Bachelor's,2,47000,4,1,0,1,4,3,3,2,45,No,Travel_Rarely,Single,5,2,2019-01-21,,No
EMP1020,Arjun Banerjee,Female,21,Finance,Financial Analyst,Bachelor's,1,29000,1,0,0,0,3,2,3,4,32,No,Non-Travel,Married,2,2,2021-10-17,,No
EMP1021,Vivaan Sharma,Female,44,Marketing,Digital Marketing Specialist,Bachelor's,4,85000,10,8,3,1,2,4,4,2,62,No,Travel_Rarely,Married,7,1,2014-07-01,,No
EMP1022,Kavya Mehta,Female,39,Human Resources,HR Analyst,Bachelor's,2,40000,19,9,2,0,2,3,3,4,70,No,Travel_Frequently,Divorced,22,1,2024-04-06,,No
EMP1023,Raj Nair,Male,43,Operations,Operations Coordinator,Bachelor's,4,88000,18,6,2,1,3,3,2,3,50,No,Travel_Rarely,Married,11,0,2018-01-12,,No
EMP1024,Priya Malhotra,Male,36,Operations,Process Analyst,Master's,3,64000,8,5,2,0,3,3,3,3,30,Yes,Non-Travel,Married,6,0,2019-03-20,2019-10-11,Yes
EMP1025,Ravi Roy,Male,25,Marketing,Marketing Analyst,Bachelor's,1,25000,5,5,5,0,4,1,2,3,28,No,Travel_Frequently,Single,7,3,2019-01-27,,No
EMP1026,Aditya Singh,Male,37,Operations,Operations Coordinator,Bachelor's,2,40000,10,8,1,1,3,3,2,2,33,No,Travel_Frequently,Married,15,6,2020-05-09,,No
EMP1027,Shreya Mehta,Male,41,Finance,Senior Accountant,Bachelor's,4,91000,12,8,3,1,3,4,3,3,47,Yes,Travel_Rarely,Married,21,0,2015-07-10,,No
EMP1028,Diya Singh,Female,56,Sales,Sales Manager,Bachelor's,5,108000,19,7,4,0,3,4,4,3,37,Yes,Travel_Rarely,Single,10,2,2026-03-26,2026-09-26,Yes
EMP1029,Shreya Patel,Male,44,IT,Software Engineer,Bachelor's,4,94000,15,6,3,4,3,2,3,3,31,No,Travel_Rarely,Single,13,1,2013-09-18,,No
EMP1030,Rahul Gupta,Female,40,Research & Development,R&D Manager,Master's,3,60000,11,7,0,2,3,3,3,3,17,No,Travel_Frequently,Single,6,1,2025-08-20,,No
EMP1031,Amit Iyer,Male,36,Finance,Financial Analyst,Bachelor's,3,64000,15,6,5,4,2,3,2,3,53,Yes,Travel_Rarely,Single,6,3,2016-08-19,,No
EMP1032,Siddharth Malhotra,Female,35,IT,System Administrator,Bachelor's,2,42000,12,7,6,2,4,4,2,3,25,Yes,Non-Travel,Single,11,2,2019-02-04,,No
EMP1033,Riya Patel,Female,29,Finance,Accountant,Bachelor's,2,45000,3,1,0,1,3,4,2,3,18,No,Travel_Rarely,Married,15,0,2018-09-02,,No
EMP1034,Arjun Mehta,Female,41,Research & Development,R&D Manager,Master's,3,62000,18,10,1,0,3,4,3,3,23,Yes,Travel_Rarely,Married,3,3,2025-06-21,,No
EMP1035,Arjun Gupta,Female,26,Research & Development,Research Analyst,Bachelor's,1,27000,1,0,0,0,1,1,2,4,18,No,Travel_Rarely,Married,1,0,2014-04-14,2022-02-08,Yes
EMP1036,Rohan Malhotra,Female,31,Finance,Accountant,Master's,1,33000,8,5,5,1,4,2,4,3,48,No,Travel_Frequently,Married,12,7,2015-08-25,2016-08-21,Yes
EMP1037,Ananya Kapoor,Male,40,Research & Development,R&D Manager,Bachelor's,3,57000,13,6,4,0,4,4,3,3,51,Yes,Travel_Rarely,Single,10,1,2013-02-15,,No
EMP1038,Abhishek Roy,Male,39,Marketing,Marketing Analyst,Bachelor's,3,58000,13,7,2,5,2,3,4,3,38,No,Travel_Rarely,Married,5,2,2016-06-21,,No
EMP1039,Riya Patel,Male,33,Human Resources,HR Manager,Master's,3,62000,6,4,4,2,3,3,1,3,28,No,Travel_Rarely,Married,27,2,2016-02-01,2025-10-23,Yes
EMP1040,Karan Sharma,Female,21,Research & Development,Research Analyst,Bachelor's,1,28000,1,1,1,1,2,4,2,2,35,Yes,Travel_Rarely,Single,14,0,2014-05-30,,No
EMP1041,Abhishek Iyer,Male,44,Human Resources,HR Executive,Master's,3,61000,13,3,3,2,3,2,3,2,44,No,Non-Travel,Married,30,2,2012-06-23,,No
EMP1042,Varun Banerjee,Female,28,Research & Development,Research Engineer,Bachelor's,1,31000,3,3,3,2,4,1,3,3,43,No,Travel_Rarely,Married,9,1,2021-12-22,,No
EMP1043,Vikram Chatterjee,Female,33,Sales,Sales Manager,Bachelor's,3,65000,9,3,2,3,2,3,4,3,27,No,Non-Travel,Single,14,3,2011-12-16,,No
EMP1044,Priya Mishra,Male,31,Marketing,Brand Manager,Master's,1,33000,5,5,5,2,3,4,3,5,22,No,Travel_Rarely,Single,5,1,2026-06-16,,Yes
EMP1045,Abhishek Singh,Female,28,Operations,Operations Manager,Bachelor's,2,38000,4,2,1,1,4,4,2,3,42,Yes,Travel_Rarely,Divorced,12,0,2024-02-03,,No
EMP1046,Sneha Reddy,Male,38,Human Resources,HR Manager,Bachelor's,4,77000,8,8,3,5,1,4,2,3,59,No,Non-Travel,Single,7,0,2025-07-15,2026-05-09,Yes
EMP1047,Pooja Mehta,Male,29,Human Resources,HR Executive,Master's,2,41000,5,5,3,3,2,3,3,3,32,Yes,Travel_Frequently,Married,7,1,2014-02-28,,No
EMP1048,Ananya Gupta,Female,31,IT,Data Analyst,Master's,2,53000,9,5,5,1,1,1,1,3,30,No,Travel_Frequently,Married,11,2,2026-02-10,,No
EMP1049,Isha Chatterjee,Female,32,Operations,Operations Coordinator,Master's,2,44000,12,6,4,2,3,3,4,4,24,Yes,Travel_Rarely,Single,11,2,2017-05-24,,No
EMP1050,Aarav Das,Male,25,IT,Software Engineer,Bachelor's,2,45000,0,0,0,0,1,1,4,4,71,No,Non-Travel,Single,14,2,2013-10-12,,No
EMP1051,Isha Joshi,Male,38,IT,DevOps Engineer,Master's,2,49000,13,4,1,4,3,2,3,4,32,Yes,Travel_Rarely,Single,8,1,2013-08-27,,No
EMP1052,Vivaan Nair,Male,28,Finance,Financial Analyst,Bachelor's,2,43000,3,3,3,2,1,1,4,3,17,No,Travel_Rarely,Single,9,1,2020-09-29,,No
EMP1053,Nikhil Singh,Male,21,Customer Service,Customer Support Executive,Master's,1,26000,0,0,0,0,3,3,3,3,37,No,Travel_Rarely,Married,4,4,2019-04-01,,No
EMP1054,Vikram Singh,Female,56,Human Resources,HR Analyst,Master's,5,126000,21,5,5,0,4,3,2,3,43,Yes,Travel_Rarely,Single,20,4,2022-06-01,2023-03-25,Yes
EMP1055,Ananya Reddy,Male,42,Sales,Business Development Executive,Bachelor's,5,134000,14,4,1,2,1,1,2,3,57,No,Travel_Rarely,Married,3,2,2012-08-06,2018-12-24,Yes
EMP1056,Riya Verma,Male,22,Sales,Business Development Executive,Bachelor's,1,30000,2,0,0,0,3,4,3,3,16,Yes,Travel_Rarely,Single,12,3,2024-12-26,,No
EMP1057,Amit Sen,Female,40,Customer Service,Support Analyst,Bachelor's,3,55000,16,9,4,4,2,3,3,4,29,No,Travel_Rarely,Single,10,3,2020-12-22,,No
EMP1058,Arjun Mishra,Male,44,Marketing,Marketing Executive,Bachelor's,4,99000,17,8,2,3,2,4,4,3,41,Yes,Travel_Rarely,Married,13,1,2025-01-06,,No
EMP1059,Riya Malhotra,Female,24,Research & Development,Research Analyst,Master's,1,34000,3,3,3,2,3,4,4,4,5,Yes,Travel_Rarely,Single,10,0,2022-02-04,,No
EMP1060,Pooja Gupta,Male,32,Customer Service,Customer Service Representative,Bachelor's,3,53000,10,4,4,1,3,3,3,3,38,No,Travel_Frequently,Married,7,3,2013-08-21,,No
EMP1061,Vikram Sen,Female,30,Research & Development,Research Engineer,Diploma,3,59000,8,7,5,1,3,1,4,3,20,No,Travel_Rarely,Married,3,1,2012-06-12,,No
EMP1062,Sanjay Patel,Female,30,Customer Service,Customer Success Manager,Diploma,2,37000,10,9,4,4,4,3,4,3,8,No,Travel_Frequently,Married,7,1,2021-08-21,,No
EMP1063,Sneha Iyer,Female,21,Human Resources,HR Executive,Bachelor's,2,41000,1,0,0,0,1,3,3,2,18,No,Travel_Rarely,Single,7,7,2013-09-02,,No
EMP1064,Aisha Patel,Female,28,Sales,Sales Manager,Bachelor's,2,36000,7,3,2,2,4,3,2,3,47,No,Travel_Rarely,Married,7,2,2020-07-22,,No
EMP1065,Vikram Mehta,Female,22,IT,System Administrator,Bachelor's,1,32000,0,0,0,0,4,2,4,4,13,No,Travel_Rarely,Single,23,2,2024-02-20,,No
EMP1066,Rahul Mehta,Male,31,Finance,Finance Manager,Bachelor's,2,51000,11,6,3,1,4,3,4,4,26,No,Travel_Rarely,Single,23,2,2012-10-10,,No
EMP1067,Abhishek Nair,Female,21,Marketing,Brand Manager,Bachelor's,1,28000,1,0,0,0,3,3,1,3,46,No,Non-Travel,Single,16,0,2024-05-04,,No
EMP1068,Aisha Mishra,Male,33,Operations,Operations Manager,Bachelor's,4,90000,11,9,1,0,3,2,3,3,44,No,Travel_Rarely,Married,4,4,2023-09-16,,No
EMP1069,Akash Sen,Male,29,Customer Service,Customer Support Executive,Bachelor's,3,56000,6,4,4,1,2,4,3,3,39,Yes,Non-Travel,Married,2,1,2013-10-05,,No
EMP1070,Karan Das,Female,50,Finance,Finance Manager,PhD,4,82000,11,6,2,0,3,2,4,3,64,No,Travel_Rarely,Married,9,4,2020-11-26,,No
EMP1071,Priya Gupta,Female,29,IT,System Administrator,Bachelor's,2,43000,9,9,3,1,3,4,3,4,19,No,Travel_Frequently,Married,3,4,2022-11-16,,No
EMP1072,Arjun Sen,Male,28,Operations,Operations Executive,Bachelor's,3,52000,8,5,5,4,3,4,3,4,51,No,Travel_Rarely,Married,8,3,2013-03-24,,No
EMP1073,Rohan Kumar,Female,25,IT,DevOps Engineer,Master's,1,31000,4,4,4,2,1,3,4,3,30,Yes,Travel_Rarely,Single,7,2,2014-02-08,,No
EMP1074,Amit Banerjee,Female,25,Customer Service,Support Analyst,Bachelor's,2,38000,5,5,3,3,3,3,4,3,5,No,Travel_Rarely,Married,3,1,2021-08-21,,No
EMP1075,Kavya Reddy,Female,31,Sales,Business Development Executive,Bachelor's,2,37000,11,2,2,2,3,3,2,3,33,No,Travel_Rarely,Single,14,2,2022-06-23,,No
EMP1076,Akash Reddy,Female,26,IT,System Administrator,Bachelor's,1,32000,3,2,2,2,3,4,2,3,21,No,Travel_Rarely,Single,7,3,2021-03-17,,No
EMP1077,Isha Mishra,Male,42,Marketing,Marketing Analyst,Diploma,4,85000,22,6,3,0,3,1,3,3,33,No,Non-Travel,Married,9,1,2024-10-11,,No
EMP1078,Vivaan Chatterjee,Female,25,Customer Service,Customer Success Manager,Master's,2,34000,1,1,0,1,3,3,3,2,29,No,Travel_Rarely,Single,4,1,2018-09-24,,No
EMP1079,Sanjay Mukherjee,Male,21,Research & Development,Product Researcher,High School,1,29000,0,0,0,0,3,4,4,5,27,Yes,Travel_Rarely,Married,25,3,2021-04-18,2026-08-05,Yes
EMP1080,Raj Mukherjee,Male,39,Customer Service,Support Analyst,Master's,3,57000,14,6,3,0,2,3,3,2,7,No,Travel_Rarely,Married,5,3,2016-11-23,,No
EMP1081,Aarav Nair,Male,47,Human Resources,HR Executive,Bachelor's,3,54000,26,7,2,0,4,4,3,4,48,No,Travel_Rarely,Single,7,5,2018-11-06,,No
EMP1082,Aisha Sharma,Male,46,Human Resources,Recruiter,Diploma,4,70000,22,4,2,3,3,4,3,4,18,No,Travel_Rarely,Single,16,2,2013-02-08,2025-08-21,Yes
EMP1083,Aarav Das,Male,29,Customer Service,Support Analyst,PhD,2,32000,3,3,0,0,2,4,2,3,35,No,Travel_Rarely,Married,19,2,2012-01-25,,No
EMP1084,Ananya Iyer,Male,33,Customer Service,Customer Success Manager,Bachelor's,4,83000,3,3,2,2,3,2,2,3,50,Yes,Travel_Rarely,Married,2,3,2022-07-01,,No
EMP1085,Isha Mukherjee,Female,35,Customer Service,Customer Service Representative,Bachelor's,3,51000,12,4,4,4,4,2,4,4,33,Yes,Non-Travel,Married,6,3,2016-12-23,,No
EMP1086,Ravi Kumar,Male,34,Marketing,Marketing Executive,Master's,2,46000,0,0,0,0,3,3,3,3,60,No,Travel_Frequently,Married,8,2,2013-06-25,2018-04-25,Yes
EMP1087,Rohan Iyer,Male,32,Research & Development,Research Analyst,Master's,2,41000,6,6,3,2,3,2,3,3,29,No,Travel_Rarely,Single,13,2,2016-01-22,,No
EMP1088,Pooja Kapoor,Male,23,Human Resources,HR Executive,Bachelor's,2,40000,0,0,0,0,1,3,4,2,21,No,Travel_Frequently,Married,7,0,2017-06-24,,No
EMP1089,Siddharth Singh,Male,31,Finance,Finance Manager,Bachelor's,2,45000,8,1,1,1,2,3,2,4,16,No,Non-Travel,Married,24,2,2025-12-27,,No
EMP1090,Kavya Patel,Female,21,Customer Service,Support Analyst,Bachelor's,1,27000,0,0,0,0,4,4,3,3,32,Yes,Travel_Frequently,Divorced,5,1,2017-08-18,2018-09-21,Yes
EMP1091,Amit Kapoor,Male,37,Operations,Operations Executive,Bachelor's,3,50000,12,7,5,5,3,4,2,3,64,No,Travel_Frequently,Married,37,2,2018-12-13,,No
EMP1092,Shreya Das,Male,36,Research & Development,Product Researcher,Master's,4,80000,8,8,3,3,4,3,3,3,20,No,Travel_Rarely,Married,4,6,2025-03-11,2026-02-15,Yes
EMP1093,Neha Malhotra,Female,36,Research & Development,Research Analyst,Bachelor's,3,68000,7,6,1,0,2,3,1,2,47,No,Travel_Rarely,Married,4,2,2020-04-24,,No
EMP1094,Rahul Kumar,Male,24,Finance,Accountant,Bachelor's,1,27000,0,0,0,0,2,3,2,5,39,No,Travel_Rarely,Married,6,3,2020-07-20,,No
EMP1095,Rahul Malhotra,Male,27,Human Resources,HR Executive,Bachelor's,2,36000,4,4,4,3,2,2,1,2,5,Yes,Travel_Rarely,Single,12,1,2013-03-05,,No
EMP1096,Aisha Iyer,Male,34,Sales,Sales Executive,Bachelor's,4,88000,6,2,2,0,3,3,3,4,5,No,Travel_Rarely,Single,16,3,2013-08-20,,No
EMP1097,Karan Mukherjee,Male,34,Sales,Business Development Executive,Master's,2,47000,12,12,6,1,4,3,3,3,13,No,Travel_Rarely,Married,18,1,2022-08-02,,No
EMP1098,Raj Kapoor,Female,30,Finance,Finance Manager,Master's,2,44000,6,6,3,0,3,4,4,2,11,Yes,Travel_Rarely,Single,30,4,2020-10-29,,No
EMP1099,Aarav Mukherjee,Female,38,Marketing,Marketing Analyst,Bachelor's,4,93000,9,8,3,0,3,1,1,3,36,No,Travel_Frequently,Married,14,2,2021-03-24,,No
EMP1100,Aditya Sharma,Female,35,Customer Service,Customer Success Manager,Diploma,3,55000,13,7,2,7,2,4,4,3,21,No,Travel_Rarely,Married,5,1,2014-01-06,,No
EMP1101,Amit Malhotra,Male,44,Research & Development,Research Analyst,High School,4,89000,12,5,0,5,4,4,3,3,18,No,Non-Travel,Married,26,5,2024-06-27,,No
EMP1102,Aisha Gupta,Male,21,Research & Development,Research Analyst,Bachelor's,1,34000,1,1,1,1,3,3,3,2,43,No,Travel_Rarely,Married,3,2,2025-07-16,2026-01-27,Yes
EMP1103,Sneha Malhotra,Male,46,Operations,Operations Coordinator,Bachelor's,5,98000,12,6,2,0,4,1,3,2,42,No,Non-Travel,Married,11,2,2019-10-20,,No
EMP1104,Siddharth Joshi,Female,31,Human Resources,HR Analyst,PhD,1,28000,9,8,4,0,3,1,4,4,24,No,Non-Travel,Single,9,4,2022-02-06,,No
EMP1105,Kavya Banerjee,Female,32,Sales,Account Manager,Bachelor's,2,36000,0,0,0,0,2,4,3,3,24,Yes,Non-Travel,Married,15,1,2026-03-24,,No
EMP1106,Ananya Patel,Female,38,Customer Service,Customer Support Executive,Bachelor's,3,57000,18,5,3,3,2,4,3,3,45,No,Travel_Rarely,Married,10,2,2017-09-09,,No
EMP1107,Sneha Kumar,Female,32,Sales,Business Development Executive,Bachelor's,2,36000,12,7,2,2,4,1,3,3,65,Yes,Travel_Rarely,Single,17,3,2019-12-30,,No
EMP1108,Aarav Malhotra,Male,37,IT,Software Engineer,Bachelor's,3,67000,11,7,2,0,4,3,3,2,26,Yes,Travel_Rarely,Single,16,3,2022-04-21,,No
EMP1109,Kavya Gupta,Female,49,Operations,Process Analyst,Diploma,3,65000,20,3,3,1,3,4,4,3,41,No,Travel_Rarely,Single,16,1,2014-10-26,,No
EMP1110,Aditya Reddy,Female,26,Operations,Operations Executive,Diploma,2,43000,5,5,3,3,3,3,3,4,25,Yes,Travel_Rarely,Divorced,12,2,2025-06-14,,No
EMP1111,Meera Das,Female,25,Sales,Business Development Executive,Diploma,1,24000,5,5,4,5,4,4,2,4,52,No,Non-Travel,Married,6,4,2016-03-28,2021-11-30,Yes
EMP1112,Aditya Nair,Female,39,IT,Software Engineer,Bachelor's,4,94000,12,6,6,3,4,4,2,3,28,No,Travel_Rarely,Single,1,2,2018-05-02,,No
EMP1113,Siddharth Mishra,Female,22,Research & Development,R&D Manager,Bachelor's,1,34000,1,1,0,0,4,3,2,3,37,No,Travel_Rarely,Single,2,5,2013-09-26,,No
EMP1114,Raj Joshi,Female,26,Research & Development,Research Engineer,Master's,3,58000,6,6,4,0,2,4,3,2,39,Yes,Non-Travel,Single,26,1,2024-05-09,,No
EMP1115,Aisha Verma,Female,38,Sales,Account Manager,Bachelor's,4,74000,6,6,5,3,4,4,3,3,39,No,Travel_Rarely,Single,21,1,2015-02-27,,No
EMP1116,Vivaan Reddy,Female,25,Customer Service,Customer Service Representative,Bachelor's,1,21000,0,0,0,0,3,2,3,3,35,No,Travel_Rarely,Single,10,5,2018-07-28,,No
EMP1117,Priya Verma,Male,29,Marketing,Brand Manager,Bachelor's,3,54000,2,2,2,1,3,1,4,4,61,No,Travel_Rarely,Single,8,1,2019-04-15,,No
EMP1118,Sneha Reddy,Male,29,Human Resources,HR Executive,Bachelor's,2,42000,6,6,4,1,3,4,2,3,58,No,Travel_Rarely,Married,40,2,2025-03-21,2026-01-14,Yes
EMP1119,Arjun Patel,Female,37,Research & Development,R&D Manager,PhD,2,45000,9,8,2,7,1,3,3,4,47,No,Non-Travel,Married,8,3,2015-07-14,,No
EMP1120,Aisha Sen,Male,33,Finance,Finance Manager,Master's,4,103000,0,0,0,0,3,2,2,1,35,Yes,Non-Travel,Single,16,2,2018-10-19,,No
EMP1121,Ravi Malhotra,Male,34,IT,Software Engineer,Bachelor's,2,48000,2,0,0,0,4,4,2,2,33,Yes,Travel_Rarely,Single,7,4,2019-07-18,,No
EMP1122,Siddharth Malhotra,Male,36,Operations,Operations Executive,High School,3,51000,9,7,4,0,4,2,3,3,21,Yes,Travel_Rarely,Single,5,0,2019-09-12,,No
EMP1123,Riya Mukherjee,Female,34,Finance,Financial Analyst,PhD,2,43000,8,8,5,0,3,3,2,3,39,No,Travel_Rarely,Married,4,3,2014-06-02,2022-09-20,Yes
EMP1124,Rohan Roy,Female,39,Customer Service,Customer Service Representative,Bachelor's,3,54000,14,4,4,4,4,1,3,3,59,No,Travel_Frequently,Divorced,12,2,2019-04-26,,No
EMP1125,Shreya Gupta,Female,48,Operations,Process Analyst,Bachelor's,4,81000,19,8,3,3,3,3,2,3,47,Yes,Non-Travel,Divorced,17,1,2024-07-13,,No
EMP1126,Aarav Sharma,Male,21,Customer Service,Customer Service Representative,Bachelor's,1,25000,0,0,0,0,3,3,4,4,31,No,Travel_Rarely,Married,25,2,2014-07-28,,No
EMP1127,Karan Singh,Female,30,Marketing,Marketing Analyst,Master's,2,40000,8,7,2,4,3,2,1,3,21,No,Travel_Rarely,Single,10,1,2019-02-13,2021-05-31,Yes
EMP1128,Siddharth Mukherjee,Female,33,Sales,Account Manager,Bachelor's,3,66000,8,3,3,0,3,4,2,2,27,No,Travel_Rarely,Single,9,0,2015-12-14,,No
EMP1129,Riya Mishra,Male,46,Finance,Finance Manager,Diploma,4,103000,20,7,3,3,1,4,3,3,9,No,Travel_Rarely,Single,17,0,2017-03-29,2026-04-21,Yes
EMP1130,Pooja Kapoor,Female,29,Marketing,Digital Marketing Specialist,Master's,1,32000,8,7,3,1,2,3,3,4,43,No,Non-Travel,Married,4,0,2019-04-07,,No
EMP1131,Abhishek Iyer,Male,35,Research & Development,Product Researcher,Master's,4,88000,2,2,2,2,2,3,3,3,70,Yes,Non-Travel,Divorced,7,1,2017-02-24,,No
EMP1132,Raj Gupta,Female,26,Human Resources,HR Analyst,Bachelor's,2,35000,1,0,0,0,1,3,3,2,24,No,Non-Travel,Single,21,1,2013-10-19,,No
EMP1133,Amit Gupta,Male,48,IT,Data Analyst,Master's,3,76000,17,2,1,2,2,3,3,3,45,Yes,Travel_Frequently,Married,10,2,2014-07-21,,No
EMP1134,Abhishek Mehta,Female,21,Operations,Operations Executive,Master's,1,28000,0,0,0,0,3,2,3,3,57,Yes,Travel_Rarely,Single,8,0,2022-03-01,,No
EMP1135,Neha Gupta,Female,44,Sales,Account Manager,High School,4,75000,14,3,0,0,1,4,3,3,47,No,Travel_Rarely,Married,12,1,2016-08-09,2021-04-22,Yes
EMP1136,Shreya Mishra,Male,21,Research & Development,Research Engineer,Bachelor's,2,44000,1,1,0,1,4,3,1,2,32,No,Travel_Rarely,Married,7,4,2015-05-29,2017-11-21,Yes
EMP1137,Pooja Singh,Female,25,Human Resources,HR Manager,Master's,1,25000,5,5,2,0,1,2,3,5,28,No,Travel_Rarely,Married,11,1,2023-07-14,,No
EMP1138,Aditya Nair,Female,33,Operations,Operations Manager,Bachelor's,3,64000,6,6,3,0,4,4,2,3,8,No,Travel_Rarely,Married,9,2,2015-02-09,,No
EMP1139,Rohan Mishra,Female,36,Research & Development,Product Researcher,Diploma,4,90000,9,5,4,5,4,2,3,2,46,No,Non-Travel,Single,19,0,2019-04-15,,No
EMP1140,Isha Kumar,Male,41,IT,Software Engineer,Master's,4,89000,14,6,2,2,2,4,3,3,43,No,Non-Travel,Married,1,0,2014-09-21,,No
EMP1141,Vikram Sharma,Female,26,Sales,Account Manager,Master's,2,47000,6,3,2,3,4,1,3,4,55,Yes,Travel_Frequently,Married,15,3,2023-09-02,,No
EMP1142,Raj Sharma,Male,33,Marketing,Marketing Executive,Bachelor's,3,55000,8,4,4,3,2,2,4,4,15,No,Non-Travel,Single,7,2,2020-11-11,,No
EMP1143,Sneha Nair,Female,40,Customer Service,Support Analyst,Master's,4,86000,11,4,3,0,1,2,3,3,34,No,Travel_Rarely,Single,2,0,2013-02-12,,No
EMP1144,Diya Kumar,Male,38,IT,IT Support Specialist,Bachelor's,4,100000,10,8,3,2,2,3,4,4,5,No,Travel_Rarely,Single,29,1,2025-04-27,,No
EMP1145,Meera Singh,Male,34,Human Resources,HR Analyst,Master's,2,42000,7,3,2,0,2,3,2,3,44,No,Non-Travel,Married,10,0,2019-06-20,,No
EMP1146,Pooja Banerjee,Male,21,Human Resources,HR Executive,Master's,1,26000,1,1,0,1,3,4,3,3,45,No,Travel_Frequently,Married,11,0,2025-09-23,,No
EMP1147,Rohan Verma,Female,25,Sales,Account Manager,Bachelor's,1,32000,0,0,0,0,3,2,2,5,31,No,Travel_Frequently,Divorced,7,3,2015-12-13,,No
EMP1148,Vikram Roy,Male,30,Finance,Accountant,Master's,2,50000,5,5,4,0,4,1,3,2,40,No,Travel_Rarely,Married,11,1,2022-12-18,,No
EMP1149,Sneha Kumar,Male,34,Research & Development,R&D Manager,Bachelor's,4,104000,9,3,0,2,3,3,3,3,31,No,Travel_Rarely,Single,8,1,2026-01-07,,No
EMP1150,Karan Mukherjee,Female,31,Customer Service,Customer Success Manager,PhD,2,38000,9,5,1,1,3,3,3,4,28,No,Travel_Rarely,Single,5,2,2018-01-18,,No
EMP1151,Rahul Banerjee,Male,31,IT,DevOps Engineer,High School,2,47000,4,1,0,1,3,4,3,4,45,No,Travel_Rarely,Single,5,2,2020-09-17,,No
EMP1152,Priya Mukherjee,Female,34,Customer Service,Customer Success Manager,Bachelor's,4,72000,4,4,2,4,4,2,3,5,44,Yes,Travel_Rarely,Married,11,4,2014-06-04,,No
EMP1153,Aisha Das,Female,31,Marketing,Marketing Executive,Master's,3,58000,8,7,2,3,3,3,2,4,67,No,Travel_Rarely,Single,10,4,2018-11-12,,No
EMP1154,Karan Roy,Male,47,Customer Service,Customer Support Executive,Bachelor's,4,64000,24,7,4,2,2,4,4,2,32,No,Travel_Rarely,Married,2,2,2023-09-01,,No
EMP1155,Abhishek Gupta,Male,25,Sales,Sales Executive,Bachelor's,1,30000,0,0,0,0,2,4,3,3,42,No,Travel_Frequently,Single,8,3,2015-09-18,,No
EMP1156,Ravi Joshi,Female,26,Marketing,Marketing Analyst,Bachelor's,3,60000,3,3,3,1,3,1,3,3,39,Yes,Travel_Rarely,Married,25,3,2012-04-30,,No
EMP1157,Isha Banerjee,Female,31,Human Resources,HR Manager,Bachelor's,3,62000,10,7,4,2,2,3,3,3,17,Yes,Non-Travel,Single,10,5,2013-02-24,,No
EMP1158,Vivaan Mukherjee,Female,46,Research & Development,Research Analyst,Master's,3,70000,16,5,3,2,3,3,4,2,42,No,Travel_Rarely,Married,6,1,2014-08-19,,No
EMP1159,Rahul Banerjee,Male,27,Finance,Financial Analyst,Bachelor's,2,46000,0,0,0,0,2,3,4,4,40,Yes,Travel_Rarely,Married,16,2,2013-09-16,,No
EMP1160,Rahul Roy,Male,41,Finance,Senior Accountant,Bachelor's,4,102000,12,5,4,1,2,4,2,4,5,No,Travel_Rarely,Married,6,0,2022-08-19,,No
EMP1161,Sneha Mishra,Female,35,Operations,Operations Manager,Diploma,4,70000,7,7,6,2,2,3,4,3,30,No,Travel_Frequently,Married,3,5,2015-09-02,2020-03-28,Yes
EMP1162,Sanjay Mehta,Female,25,Finance,Finance Manager,Bachelor's,1,30000,0,0,0,0,3,3,4,3,15,Yes,Non-Travel,Divorced,17,5,2012-10-13,,No
EMP1163,Aisha Sen,Male,34,Sales,Sales Manager,Bachelor's,4,96000,8,2,2,0,1,1,2,3,33,No,Travel_Rarely,Married,4,3,2024-03-06,2026-03-27,Yes
EMP1164,Vikram Kapoor,Female,39,Human Resources,HR Executive,Bachelor's,4,82000,16,8,3,2,4,3,4,4,41,No,Travel_Rarely,Single,14,1,2016-04-02,,No
EMP1165,Manish Kumar,Male,21,Finance,Accountant,PhD,2,47000,0,0,0,0,2,2,3,1,15,Yes,Travel_Rarely,Single,1,3,2015-03-20,,No
EMP1166,Vikram Malhotra,Male,35,Human Resources,HR Manager,Bachelor's,3,63000,8,2,2,0,1,2,4,5,38,No,Travel_Rarely,Single,8,1,2020-07-01,,No
EMP1167,Ravi Mehta,Female,40,Finance,Financial Analyst,Diploma,4,93000,15,5,5,5,1,3,4,3,62,No,Non-Travel,Married,11,4,2016-11-24,,No
EMP1168,Diya Das,Female,42,Operations,Operations Manager,Bachelor's,3,56000,9,6,3,2,2,3,3,2,20,No,Travel_Rarely,Single,19,5,2022-05-20,,No
EMP1169,Aisha Patel,Male,23,Marketing,Brand Manager,Bachelor's,1,25000,0,0,0,0,3,4,4,3,20,No,Travel_Rarely,Married,17,1,2013-05-17,2021-07-17,Yes
EMP1170,Priya Nair,Male,33,Sales,Account Manager,Bachelor's,3,55000,11,6,6,0,3,3,3,3,47,No,Non-Travel,Single,1,2,2017-06-13,,No
EMP1171,Rahul Sharma,Male,46,Research & Development,Research Analyst,Bachelor's,3,57000,13,1,0,1,2,1,2,3,27,No,Travel_Frequently,Married,26,2,2022-02-20,,No
EMP1172,Siddharth Iyer,Male,48,Research & Development,Research Engineer,Bachelor's,3,69000,21,3,0,3,4,2,4,5,37,Yes,Travel_Rarely,Single,6,1,2012-05-24,,No
EMP1173,Priya Malhotra,Female,37,Research & Development,R&D Manager,Master's,3,65000,5,5,4,3,4,4,3,4,42,No,Travel_Rarely,Single,6,1,2013-10-26,,No
EMP1174,Aisha Banerjee,Male,34,IT,DevOps Engineer,Master's,3,62000,10,6,2,0,3,2,2,2,35,Yes,Non-Travel,Married,16,2,2019-08-04,,No
EMP1175,Aisha Kumar,Female,43,Research & Development,Product Researcher,Master's,4,91000,9,1,1,1,1,3,3,3,19,No,Travel_Rarely,Single,15,1,2020-10-02,,No
EMP1176,Meera Malhotra,Male,35,Marketing,Marketing Executive,Bachelor's,3,63000,0,0,0,0,4,3,4,3,32,No,Non-Travel,Single,11,0,2018-10-27,,No
EMP1177,Neha Singh,Male,36,Customer Service,Customer Success Manager,Bachelor's,3,55000,11,7,2,2,4,3,2,3,36,No,Non-Travel,Married,8,2,2016-10-03,,No
EMP1178,Vivaan Mukherjee,Female,35,IT,Data Analyst,Diploma,3,68000,13,8,2,4,3,3,3,3,19,Yes,Non-Travel,Single,10,1,2018-04-07,,No
EMP1179,Shreya Kapoor,Female,34,Operations,Operations Coordinator,Bachelor's,3,53000,11,1,1,1,3,2,4,4,50,No,Travel_Frequently,Single,7,2,2016-09-22,,No
EMP1180,Ananya Patel,Female,41,Marketing,Marketing Executive,Master's,4,84000,11,5,5,3,3,4,2,4,22,No,Travel_Rarely,Married,8,1,2016-11-02,,No
EMP1181,Ananya Nair,Male,39,Human Resources,HR Manager,Bachelor's,3,63000,12,6,2,5,3,2,3,4,77,Yes,Travel_Rarely,Married,3,1,2026-03-04,,No
EMP1182,Kavya Malhotra,Female,44,Marketing,Marketing Executive,Diploma,3,60000,11,7,3,0,1,4,3,2,36,No,Non-Travel,Married,13,4,2012-09-25,,No
EMP1183,Diya Joshi,Male,33,Marketing,Brand Manager,Bachelor's,3,66000,2,1,1,1,3,4,2,3,49,Yes,Travel_Rarely,Single,21,3,2018-08-03,,No
EMP1184,Aditya Mishra,Female,40,Finance,Financial Analyst,Diploma,4,90000,9,9,4,3,4,3,2,2,12,No,Travel_Rarely,Married,2,2,2019-10-02,,No
EMP1185,Shreya Reddy,Male,39,Operations,Operations Coordinator,Bachelor's,4,79000,17,8,5,4,3,4,4,3,13,No,Travel_Rarely,Single,5,1,2018-06-15,,No
EMP1186,Nikhil Banerjee,Male,42,Finance,Financial Analyst,Master's,3,71000,13,3,3,1,3,1,2,4,36,Yes,Travel_Rarely,Divorced,13,0,2014-10-21,2020-11-15,Yes
EMP1187,Karan Chatterjee,Male,26,Human Resources,Recruiter,Bachelor's,2,38000,0,0,0,0,1,2,3,3,9,No,Travel_Rarely,Married,13,2,2020-08-25,,No
EMP1188,Pooja Sharma,Male,27,Operations,Operations Manager,Bachelor's,2,42000,0,0,0,0,4,4,2,4,17,Yes,Travel_Rarely,Married,9,1,2018-03-06,2021-08-16,Yes
EMP1189,Karan Roy,Male,38,Operations,Operations Executive,Bachelor's,2,40000,10,3,2,1,4,3,1,3,22,No,Travel_Frequently,Single,7,3,2019-05-08,,No
EMP1190,Manish Banerjee,Female,21,Human Resources,HR Manager,Bachelor's,1,24000,0,0,0,0,2,4,1,1,25,No,Travel_Rarely,Single,8,3,2016-05-06,,No
EMP1191,Akash Sharma,Male,42,Marketing,Brand Manager,Diploma,4,88000,15,6,4,3,3,3,3,3,66,No,Non-Travel,Married,16,1,2014-12-12,,No
EMP1192,Shreya Sen,Male,22,Operations,Operations Manager,Diploma,2,39000,2,1,0,1,3,3,1,4,56,Yes,Travel_Rarely,Married,20,3,2017-07-22,,No
EMP1193,Rahul Verma,Male,37,Marketing,Digital Marketing Specialist,Bachelor's,2,38000,12,6,3,1,3,4,4,4,29,No,Travel_Frequently,Single,3,4,2021-12-12,,No
EMP1194,Rahul Mishra,Male,37,Operations,Operations Executive,Master's,3,66000,15,6,6,6,3,4,3,3,42,No,Travel_Frequently,Married,3,2,2022-06-11,,No
EMP1195,Nikhil Mehta,Male,24,Marketing,Brand Manager,Master's,1,31000,4,4,4,3,3,4,4,2,50,No,Travel_Rarely,Married,7,1,2021-08-24,,No
EMP1196,Vikram Mehta,Female,23,Operations,Operations Executive,Bachelor's,1,23000,0,0,0,0,1,4,4,3,22,No,Travel_Rarely,Married,12,5,2023-02-19,,No
EMP1197,Rohan Verma,Male,24,Finance,Senior Accountant,Master's,1,30000,4,4,0,3,4,2,2,5,7,Yes,Travel_Rarely,Married,16,1,2017-01-17,,No
EMP1198,Nikhil Kapoor,Male,34,IT,Software Engineer,High School,3,69000,11,5,5,2,4,3,1,3,48,Yes,Travel_Rarely,Single,27,1,2025-08-27,,No
EMP1199,Nikhil Mukherjee,Male,33,Operations,Operations Executive,Bachelor's,3,58000,7,7,3,0,2,3,3,3,50,Yes,Travel_Rarely,Single,6,2,2019-11-07,,No
EMP1200,Rohan Mishra,Male,37,Human Resources,HR Analyst,Bachelor's,3,49000,11,5,4,1,3,4,3,4,22,No,Travel_Rarely,Single,8,3,2023-11-12,,No
EMP1201,Karan Chatterjee,Male,31,Research & Development,Research Analyst,Master's,2,42000,4,4,4,4,3,3,4,1,40,No,Travel_Rarely,Single,3,3,2020-02-26,,No
EMP1202,Aisha Joshi,Female,23,Sales,Business Development Executive,Bachelor's,1,32000,3,0,0,0,3,3,4,3,29,No,Travel_Rarely,Divorced,5,1,2025-03-02,,No
EMP1203,Isha Verma,Male,35,Research & Development,R&D Manager,Master's,3,70000,12,1,0,1,2,3,2,3,50,No,Travel_Rarely,Single,5,4,2025-04-27,2026-09-23,Yes
EMP1204,Sneha Malhotra,Female,46,Human Resources,HR Manager,Diploma,4,77000,18,6,4,5,3,4,4,3,33,Yes,Travel_Rarely,Single,16,2,2024-10-21,,No
EMP1205,Isha Verma,Male,33,Human Resources,HR Analyst,Bachelor's,2,41000,6,1,0,0,3,4,2,3,46,Yes,Travel_Rarely,Married,16,0,2012-05-14,,No
EMP1206,Pooja Banerjee,Male,53,Finance,Financial Analyst,Bachelor's,4,93000,25,8,4,2,4,1,3,4,47,Yes,Travel_Frequently,Single,10,4,2026-03-03,2026-09-08,Yes
EMP1207,Arjun Gupta,Female,44,Operations,Process Analyst,Master's,4,74000,13,7,4,4,2,3,2,3,64,No,Travel_Rarely,Single,7,3,2011-12-14,2025-07-07,Yes
EMP1208,Arjun Joshi,Male,34,IT,IT Support Specialist,Bachelor's,3,72000,3,1,1,0,2,4,1,4,37,Yes,Travel_Frequently,Married,19,3,2022-12-05,,No
EMP1209,Kavya Mehta,Male,35,Operations,Process Analyst,Master's,3,56000,12,6,1,0,3,3,4,4,23,No,Non-Travel,Single,8,2,2014-08-30,,No
EMP1210,Vikram Gupta,Male,41,Human Resources,HR Analyst,Bachelor's,5,102000,14,6,4,0,2,1,3,2,53,Yes,Travel_Rarely,Single,7,7,2014-04-16,,No
EMP1211,Neha Joshi,Female,32,Sales,Sales Executive,Bachelor's,2,40000,8,4,4,3,2,4,3,3,32,No,Travel_Rarely,Married,9,0,2026-05-18,,No
EMP1212,Nikhil Singh,Male,44,IT,Software Engineer,Bachelor's,3,67000,15,6,1,1,3,4,4,4,31,Yes,Travel_Rarely,Single,10,0,2015-05-19,,No
EMP1213,Karan Kapoor,Male,27,Sales,Sales Executive,High School,2,46000,7,7,4,1,4,3,4,4,25,No,Non-Travel,Single,12,1,2015-05-23,,No
EMP1214,Amit Sen,Male,36,IT,Software Engineer,Bachelor's,3,70000,11,7,6,4,3,4,4,4,43,No,Travel_Rarely,Married,3,0,2016-05-26,,No
EMP1215,Kavya Sen,Female,21,Finance,Accountant,Bachelor's,2,45000,1,1,0,1,4,3,3,4,18,No,Travel_Frequently,Married,4,3,2020-10-15,,No
EMP1216,Meera Das,Male,39,Marketing,Marketing Executive,Diploma,2,38000,7,7,4,7,2,3,2,4,41,No,Travel_Rarely,Married,2,4,2023-02-27,,No
EMP1217,Akash Mukherjee,Female,31,Research & Development,Research Analyst,Bachelor's,2,42000,8,5,1,3,4,4,3,3,42,No,Travel_Rarely,Single,36,3,2012-09-25,,No
EMP1218,Siddharth Mukherjee,Female,38,Human Resources,HR Executive,Master's,3,55000,10,4,4,2,3,4,4,3,17,Yes,Non-Travel,Married,6,0,2020-12-13,2026-08-04,Yes
EMP1219,Kavya Das,Male,32,Customer Service,Customer Support Executive,Bachelor's,2,36000,8,6,3,1,3,2,3,5,39,No,Travel_Rarely,Single,8,1,2020-01-11,,No
EMP1220,Amit Reddy,Male,41,Human Resources,Recruiter,Diploma,4,70000,17,7,3,1,3,2,3,3,23,No,Travel_Rarely,Single,13,1,2025-04-09,,No
EMP1221,Isha Sharma,Female,43,Marketing,Digital Marketing Specialist,Bachelor's,4,96000,14,2,0,0,3,3,2,3,61,No,Travel_Frequently,Single,10,2,2021-08-01,,No
EMP1222,Aisha Mehta,Male,36,IT,DevOps Engineer,Bachelor's,3,61000,9,6,2,0,3,3,3,3,33,No,Travel_Rarely,Single,22,4,2023-03-07,,No
EMP1223,Shreya Joshi,Female,38,Sales,Account Manager,Bachelor's,3,64000,10,10,5,1,3,4,3,3,16,No,Travel_Rarely,Single,15,0,2020-04-20,,No
EMP1224,Riya Kapoor,Male,43,Marketing,Marketing Analyst,Bachelor's,3,52000,17,7,3,1,3,3,3,1,46,No,Non-Travel,Married,3,1,2012-06-19,,No
EMP1225,Rohan Iyer,Male,26,Customer Service,Customer Success Manager,Master's,2,35000,6,2,1,0,1,3,3,4,65,No,Non-Travel,Single,12,1,2024-03-28,,No
EMP1226,Riya Kapoor,Male,39,IT,System Administrator,Bachelor's,3,65000,13,8,3,2,3,2,3,3,51,No,Travel_Rarely,Single,10,2,2019-07-23,,No
EMP1227,Sanjay Verma,Male,36,Research & Development,Product Researcher,High School,4,87000,7,5,5,4,2,3,3,4,30,No,Travel_Rarely,Married,1,4,2025-02-20,,No
EMP1228,Karan Sharma,Female,35,Operations,Operations Coordinator,Bachelor's,3,63000,1,0,0,0,4,2,3,3,53,No,Travel_Frequently,Single,9,1,2024-07-14,2026-05-16,Yes
EMP1229,Abhishek Sharma,Female,36,Research & Development,Research Engineer,Bachelor's,3,74000,8,6,6,6,1,2,4,3,18,No,Non-Travel,Single,9,0,2018-05-23,,No
EMP1230,Ananya Mishra,Female,27,IT,IT Support Specialist,Bachelor's,2,43000,4,4,3,1,4,3,4,4,38,No,Travel_Rarely,Single,15,6,2014-12-10,,No
EMP1231,Rohan Das,Male,36,Operations,Operations Coordinator,Diploma,4,75000,16,8,5,0,4,4,2,4,29,Yes,Non-Travel,Single,4,3,2026-01-03,,No
EMP1232,Diya Iyer,Female,35,Marketing,Brand Manager,Master's,3,70000,13,7,4,2,3,3,4,3,9,Yes,Travel_Rarely,Single,11,4,2016-12-16,,No
EMP1233,Priya Sharma,Male,29,Sales,Sales Manager,Master's,2,44000,4,3,3,3,2,2,4,4,25,Yes,Travel_Rarely,Single,7,6,2026-07-12,,Yes
EMP1234,Aditya Patel,Female,36,Research & Development,Research Engineer,Bachelor's,4,87000,13,4,3,3,3,3,2,4,7,No,Travel_Rarely,Single,10,3,2019-07-14,,No
EMP1235,Nikhil Banerjee,Female,21,Human Resources,HR Manager,Bachelor's,1,24000,0,0,0,0,3,3,3,3,14,No,Travel_Frequently,Single,14,7,2020-01-08,,No
EMP1236,Meera Patel,Male,41,IT,DevOps Engineer,High School,5,120000,15,8,5,1,3,2,3,3,15,No,Travel_Rarely,Married,12,3,2019-10-05,,No
EMP1237,Diya Iyer,Female,25,Marketing,Marketing Executive,Master's,2,48000,5,5,5,4,2,3,3,5,37,No,Travel_Rarely,Married,9,2,2025-04-15,,No
EMP1238,Priya Verma,Male,34,IT,Data Analyst,Bachelor's,2,52000,6,6,5,0,3,4,1,3,35,No,Travel_Rarely,Married,10,1,2015-11-06,,No
EMP1239,Vivaan Joshi,Male,30,Human Resources,HR Executive,Bachelor's,2,39000,1,0,0,0,3,2,3,3,54,Yes,Travel_Rarely,Single,7,1,2014-07-03,,No
EMP1240,Diya Nair,Male,25,Finance,Finance Manager,Bachelor's,1,29000,4,4,3,4,4,3,2,3,35,Yes,Travel_Rarely,Married,4,4,2018-04-28,,No
EMP1241,Aisha Mehta,Male,28,Research & Development,R&D Manager,Master's,2,40000,6,3,3,0,3,3,4,5,53,Yes,Travel_Rarely,Single,15,1,2025-04-27,,No
EMP1242,Ravi Reddy,Female,34,Customer Service,Customer Success Manager,Bachelor's,4,77000,14,6,2,2,3,3,4,3,57,Yes,Travel_Rarely,Married,15,2,2022-07-09,,No
EMP1243,Aarav Kapoor,Female,45,Operations,Operations Manager,Diploma,3,59000,14,1,1,1,3,3,3,3,11,No,Travel_Rarely,Married,12,3,2023-04-21,,No
EMP1244,Diya Sen,Female,24,Research & Development,Product Researcher,Bachelor's,1,30000,4,4,4,1,4,4,4,3,41,No,Travel_Rarely,Married,1,3,2023-05-22,,No
EMP1245,Amit Malhotra,Male,23,Human Resources,HR Executive,Bachelor's,1,24000,0,0,0,0,4,3,4,4,40,No,Travel_Rarely,Single,2,2,2023-11-19,,No
EMP1246,Shreya Iyer,Female,23,Research & Development,Research Analyst,Master's,2,45000,0,0,0,0,3,4,3,3,26,Yes,Travel_Rarely,Married,15,5,2021-04-21,,No
EMP1247,Sanjay Gupta,Male,46,Customer Service,Customer Service Representative,Master's,3,57000,8,7,3,6,3,2,3,4,58,No,Non-Travel,Single,31,3,2017-04-10,,No
EMP1248,Neha Kapoor,Male,34,Operations,Operations Executive,High School,4,76000,7,6,6,4,4,3,4,4,24,No,Travel_Rarely,Married,14,3,2021-09-30,,No
EMP1249,Vivaan Mukherjee,Male,45,Customer Service,Support Analyst,Bachelor's,4,69000,12,4,4,3,4,2,4,3,64,No,Travel_Rarely,Married,5,2,2022-03-08,,No
EMP1250,Aarav Banerjee,Male,39,Customer Service,Customer Service Representative,Diploma,3,49000,15,3,3,1,3,4,2,3,12,No,Non-Travel,Married,14,1,2022-05-26,,No
EMP1251,Siddharth Banerjee,Male,29,Finance,Senior Accountant,Diploma,1,26000,1,1,0,0,3,4,4,4,17,No,Non-Travel,Single,16,3,2014-10-21,,No
EMP1252,Nikhil Iyer,Male,41,Sales,Business Development Executive,Master's,5,124000,16,6,1,4,3,2,4,2,25,No,Travel_Rarely,Single,23,6,2025-03-17,,No
EMP1253,Akash Singh,Male,32,IT,Software Engineer,Bachelor's,2,49000,3,3,3,3,4,4,4,3,33,No,Travel_Frequently,Married,1,1,2017-04-14,,No
EMP1254,Priya Reddy,Female,25,Finance,Senior Accountant,Bachelor's,1,31000,1,1,1,1,4,2,3,3,5,No,Travel_Rarely,Married,8,0,2023-02-27,,No
EMP1255,Neha Mehta,Male,33,IT,Data Analyst,Bachelor's,3,65000,6,6,3,0,4,3,1,4,17,No,Travel_Rarely,Single,31,3,2017-06-24,,No
EMP1256,Amit Nair,Male,31,Sales,Account Manager,Bachelor's,3,69000,6,6,2,0,4,3,4,3,8,No,Travel_Rarely,Single,10,3,2020-02-19,,No
EMP1257,Vivaan Singh,Female,24,IT,Data Analyst,Bachelor's,1,32000,1,0,0,0,3,3,2,2,34,No,Travel_Frequently,Single,5,1,2017-07-29,,No
EMP1258,Meera Das,Male,28,Finance,Finance Manager,Master's,2,48000,8,0,0,0,3,3,1,3,30,Yes,Travel_Rarely,Married,11,1,2025-05-16,,No
EMP1259,Nikhil Sharma,Female,25,Human Resources,Recruiter,Bachelor's,2,44000,1,1,1,0,4,4,4,3,5,No,Travel_Rarely,Married,31,2,2019-02-18,,No
EMP1260,Ravi Iyer,Male,37,Research & Development,Research Analyst,Master's,3,70000,10,6,2,2,1,4,4,4,65,No,Travel_Rarely,Married,11,1,2017-11-02,,No
EMP1261,Manish Roy,Male,31,Finance,Financial Analyst,Bachelor's,2,45000,11,7,5,2,3,3,3,3,65,No,Travel_Rarely,Single,21,2,2022-05-31,,No
EMP1262,Amit Kumar,Male,37,IT,DevOps Engineer,Master's,2,47000,12,6,5,0,4,3,3,3,59,No,Non-Travel,Married,11,5,2020-08-22,,No
EMP1263,Ananya Gupta,Female,21,Marketing,Marketing Executive,Bachelor's,1,28000,1,1,0,1,4,4,3,4,40,No,Travel_Rarely,Single,10,1,2018-01-11,2019-02-26,Yes
EMP1264,Nikhil Mehta,Female,34,Marketing,Marketing Executive,Bachelor's,3,65000,9,9,6,0,3,4,4,3,36,Yes,Travel_Rarely,Married,25,5,2013-12-23,,No
EMP1265,Abhishek Mishra,Male,42,Marketing,Brand Manager,Master's,3,61000,20,5,4,2,3,2,3,3,22,No,Travel_Rarely,Single,7,1,2020-02-18,,No
EMP1266,Neha Chatterjee,Female,40,Human Resources,Recruiter,Master's,2,37000,20,9,1,4,3,3,2,2,25,No,Travel_Rarely,Single,12,1,2018-08-12,,No
EMP1267,Isha Das,Female,29,Finance,Financial Analyst,Diploma,2,40000,7,7,5,0,3,3,2,4,29,Yes,Non-Travel,Married,9,0,2017-01-23,,No
EMP1268,Raj Nair,Female,21,Sales,Business Development Executive,Master's,1,27000,0,0,0,0,3,1,3,3,24,Yes,Non-Travel,Single,4,2,2019-03-30,,No
EMP1269,Riya Sharma,Male,45,Research & Development,Research Engineer,Diploma,4,98000,16,5,0,0,4,1,3,3,65,Yes,Travel_Rarely,Single,16,3,2012-09-07,,No
EMP1270,Neha Patel,Female,21,Research & Development,Research Engineer,High School,1,29000,0,0,0,0,4,3,4,4,8,No,Travel_Rarely,Divorced,4,1,2014-04-01,,No
EMP1271,Pooja Patel,Male,44,IT,IT Support Specialist,Bachelor's,4,83000,20,6,4,0,1,4,4,4,34,No,Travel_Rarely,Married,16,3,2015-11-18,,No
EMP1272,Aditya Reddy,Male,58,Operations,Operations Manager,Bachelor's,4,83000,27,12,4,1,4,2,4,4,40,No,Travel_Rarely,Single,28,2,2021-10-07,,No
EMP1273,Neha Gupta,Male,39,IT,Data Analyst,Bachelor's,3,77000,15,8,4,0,3,3,2,2,37,No,Travel_Rarely,Married,8,2,2018-06-29,,No
EMP1274,Aarav Mishra,Male,31,Operations,Process Analyst,Bachelor's,2,42000,10,6,3,3,3,2,2,3,30,No,Travel_Frequently,Married,11,2,2013-10-19,,No
EMP1275,Isha Kapoor,Female,37,Marketing,Brand Manager,Bachelor's,3,58000,13,7,1,3,4,4,3,3,15,Yes,Travel_Rarely,Single,3,3,2011-12-24,,No
EMP1276,Ananya Chatterjee,Male,37,IT,DevOps Engineer,Bachelor's,3,69000,13,6,2,1,3,4,4,2,70,Yes,Travel_Rarely,Married,8,2,2014-09-10,2021-12-05,Yes
EMP1277,Vivaan Roy,Male,23,Finance,Senior Accountant,Master's,1,32000,0,0,0,0,2,2,3,3,28,No,Travel_Rarely,Single,17,2,2012-08-21,,No
EMP1278,Arjun Verma,Female,44,Customer Service,Customer Success Manager,Bachelor's,4,71000,12,7,1,0,4,1,1,3,31,No,Travel_Rarely,Divorced,15,1,2015-02-02,,No
EMP1279,Sneha Banerjee,Male,45,Finance,Accountant,High School,3,61000,14,8,2,3,3,3,4,4,53,No,Travel_Rarely,Married,6,2,2025-06-29,2026-09-16,Yes
EMP1280,Kavya Malhotra,Female,44,Sales,Sales Executive,Bachelor's,4,78000,12,6,2,1,1,3,4,2,34,No,Travel_Rarely,Single,5,1,2017-01-12,2023-01-26,Yes
EMP1281,Karan Iyer,Female,31,Research & Development,Research Analyst,Bachelor's,2,52000,6,6,6,1,4,3,4,4,34,No,Travel_Frequently,Married,6,4,2022-07-12,,No
EMP1282,Aisha Verma,Male,22,IT,DevOps Engineer,PhD,2,42000,0,0,0,0,3,3,2,2,29,Yes,Travel_Rarely,Divorced,8,0,2013-08-11,,No
EMP1283,Kavya Patel,Male,32,Operations,Process Analyst,Diploma,2,44000,12,4,3,3,3,4,2,1,46,No,Travel_Rarely,Married,3,0,2013-04-18,,No
EMP1284,Priya Verma,Male,26,Customer Service,Customer Service Representative,Bachelor's,2,33000,6,4,2,0,3,3,3,4,45,Yes,Travel_Rarely,Single,9,1,2012-12-18,2025-10-20,Yes
EMP1285,Rohan Kumar,Female,31,IT,Data Analyst,Bachelor's,2,40000,11,5,5,3,2,3,4,3,33,No,Travel_Rarely,Married,10,1,2011-10-15,,No
EMP1286,Ravi Reddy,Male,23,Operations,Operations Executive,Bachelor's,1,31000,0,0,0,0,4,3,4,3,33,No,Travel_Rarely,Single,28,2,2016-09-29,,No
EMP1287,Meera Sharma,Male,37,Sales,Sales Manager,PhD,3,60000,7,4,3,1,3,2,3,2,27,Yes,Travel_Rarely,Single,8,3,2015-09-22,,No
EMP1288,Priya Mukherjee,Female,27,Marketing,Brand Manager,High School,1,28000,1,0,0,0,3,2,1,3,25,Yes,Non-Travel,Married,3,2,2023-06-24,2024-03-18,Yes
EMP1289,Aarav Patel,Female,38,Human Resources,HR Manager,Diploma,4,84000,9,9,4,2,4,4,3,3,41,Yes,Travel_Rarely,Single,4,3,2023-09-14,,No
EMP1290,Aarav Mehta,Female,40,Customer Service,Customer Success Manager,Master's,3,52000,12,5,3,2,4,4,4,3,45,No,Travel_Frequently,Single,3,0,2015-09-30,,No
EMP1291,Meera Nair,Female,53,Marketing,Brand Manager,High School,5,118000,24,6,3,2,3,3,1,3,25,No,Travel_Rarely,Single,16,0,2018-09-11,,No
EMP1292,Rohan Kumar,Male,34,Customer Service,Customer Service Representative,Bachelor's,3,46000,11,2,2,1,2,4,4,4,42,Yes,Travel_Rarely,Divorced,18,2,2020-08-08,,No
EMP1293,Aarav Joshi,Male,31,Customer Service,Support Analyst,Master's,3,60000,8,7,3,6,4,4,4,3,39,Yes,Travel_Frequently,Married,16,3,2020-12-05,,No
EMP1294,Meera Joshi,Female,45,Marketing,Marketing Analyst,Master's,4,75000,8,1,0,1,3,3,3,3,58,Yes,Travel_Frequently,Single,16,2,2023-03-17,,No
EMP1295,Riya Mehta,Female,31,Human Resources,HR Manager,Master's,2,43000,7,5,4,0,4,3,3,3,30,No,Travel_Rarely,Single,19,1,2014-03-28,,No
EMP1296,Priya Nair,Female,29,Operations,Operations Manager,Bachelor's,2,36000,6,6,6,2,2,4,3,3,14,No,Travel_Rarely,Married,22,1,2014-01-11,,No
EMP1297,Shreya Mehta,Female,31,Sales,Sales Manager,High School,2,46000,9,4,0,0,3,2,2,3,45,No,Travel_Rarely,Married,6,5,2015-10-09,,No
EMP1298,Kavya Joshi,Male,37,Customer Service,Customer Service Representative,Bachelor's,4,70000,15,4,0,3,4,1,4,4,40,No,Travel_Rarely,Single,13,1,2020-01-31,,No
EMP1299,Vikram Kumar,Male,32,Human Resources,HR Manager,Diploma,3,64000,4,4,4,4,3,3,4,3,28,Yes,Travel_Frequently,Married,8,3,2014-01-06,,No
EMP1300,Siddharth Joshi,Male,33,IT,Data Analyst,PhD,2,49000,12,7,4,2,2,3,3,3,62,No,Travel_Frequently,Single,3,5,2017-12-14,2018-08-05,Yes
EMP1301,Karan Chatterjee,Female,40,Research & Development,Research Analyst,Master's,3,59000,12,8,5,3,3,2,4,4,40,No,Non-Travel,Married,6,1,2025-11-24,,No
EMP1302,Ravi Mishra,Female,39,Operations,Operations Executive,Bachelor's,3,64000,13,1,0,0,3,3,4,3,33,No,Travel_Frequently,Married,23,7,2025-11-11,2026-07-01,Yes
EMP1303,Meera Banerjee,Male,38,Human Resources,HR Executive,Master's,2,42000,13,8,3,2,3,3,4,3,29,Yes,Non-Travel,Married,1,3,2013-01-08,,No
EMP1304,Meera Das,Female,28,Sales,Account Manager,Bachelor's,1,28000,0,0,0,0,2,3,4,3,5,No,Travel_Rarely,Married,10,0,2024-12-13,,No
EMP1305,Aisha Kumar,Male,27,Sales,Sales Manager,Master's,2,41000,7,2,1,1,1,4,3,2,35,No,Travel_Rarely,Single,3,0,2012-02-05,,No
EMP1306,Nikhil Kapoor,Male,21,Operations,Operations Coordinator,Bachelor's,2,44000,1,0,0,0,1,3,3,3,41,No,Non-Travel,Married,13,1,2015-12-09,2025-09-03,Yes
EMP1307,Arjun Reddy,Female,45,Customer Service,Support Analyst,Master's,4,73000,16,6,3,6,3,3,1,4,37,No,Travel_Rarely,Single,1,3,2014-06-01,,No
EMP1308,Sanjay Mukherjee,Female,31,Human Resources,HR Executive,Master's,2,38000,10,8,2,1,4,4,4,3,33,Yes,Travel_Frequently,Single,4,4,2019-12-04,2026-04-11,Yes
EMP1309,Manish Kumar,Female,43,Human Resources,Recruiter,Master's,5,120000,12,1,1,1,3,3,4,3,47,No,Travel_Frequently,Married,14,4,2016-09-14,2020-07-29,Yes
EMP1310,Abhishek Das,Female,42,Sales,Sales Executive,Bachelor's,4,81000,9,5,4,5,2,3,2,3,17,No,Travel_Rarely,Married,5,1,2020-06-19,,No
EMP1311,Aisha Verma,Male,31,Operations,Operations Manager,Diploma,2,37000,6,6,2,3,1,1,2,4,59,No,Travel_Rarely,Married,30,4,2015-04-01,,No
EMP1312,Amit Malhotra,Female,33,Sales,Business Development Executive,Bachelor's,3,56000,7,7,4,5,3,4,4,2,38,No,Travel_Frequently,Married,27,1,2019-02-25,,No
EMP1313,Rohan Verma,Female,39,Research & Development,Research Analyst,Bachelor's,3,73000,13,4,4,0,3,4,1,3,31,No,Travel_Rarely,Married,11,3,2012-03-08,,No
EMP1314,Raj Chatterjee,Male,36,Operations,Process Analyst,Bachelor's,3,54000,5,2,2,2,2,3,3,2,26,Yes,Travel_Rarely,Married,7,2,2019-11-15,,No
EMP1315,Ananya Mehta,Male,32,Finance,Senior Accountant,Diploma,2,46000,6,4,2,3,2,3,4,3,31,No,Travel_Frequently,Single,7,0,2013-05-25,,No
EMP1316,Kavya Banerjee,Female,30,Human Resources,HR Analyst,Bachelor's,1,26000,10,4,2,0,3,4,3,3,50,No,Travel_Frequently,Single,6,4,2023-05-04,,No
EMP1317,Vivaan Iyer,Male,32,Marketing,Digital Marketing Specialist,Bachelor's,1,31000,3,3,3,0,3,2,3,2,51,No,Travel_Rarely,Single,20,1,2024-01-24,,No
EMP1318,Aisha Mehta,Male,30,Human Resources,Recruiter,Bachelor's,2,46000,5,5,3,1,3,4,4,3,36,No,Travel_Rarely,Single,8,2,2017-08-31,,No
EMP1319,Abhishek Joshi,Female,35,Finance,Accountant,Bachelor's,2,47000,11,8,4,1,3,2,1,4,28,No,Travel_Frequently,Married,6,3,2015-01-04,,No
EMP1320,Riya Nair,Female,21,Operations,Operations Coordinator,Bachelor's,1,30000,0,0,0,0,1,2,3,3,32,No,Travel_Rarely,Married,6,2,2022-02-25,,No
EMP1321,Priya Mukherjee,Male,29,Customer Service,Customer Service Representative,Master's,2,37000,9,1,1,1,2,4,3,4,20,No,Travel_Frequently,Married,1,3,2014-09-06,,No
EMP1322,Karan Gupta,Male,51,Human Resources,HR Manager,Diploma,5,126000,23,9,3,2,2,4,4,4,58,No,Travel_Rarely,Married,15,1,2022-10-16,,No
EMP1323,Rahul Roy,Female,39,Human Resources,Recruiter,Bachelor's,2,40000,13,6,2,3,3,3,2,3,23,No,Travel_Rarely,Divorced,7,2,2011-12-09,,No
EMP1324,Sanjay Gupta,Male,41,Human Resources,HR Analyst,PhD,5,104000,11,9,5,3,4,1,4,4,37,Yes,Travel_Rarely,Married,27,0,2013-07-01,2026-03-30,Yes
EMP1325,Aarav Patel,Male,41,IT,Data Analyst,Diploma,5,115000,4,4,4,4,4,3,4,4,48,No,Travel_Frequently,Single,17,2,2016-03-17,,No
EMP1326,Isha Iyer,Male,35,Marketing,Brand Manager,Master's,3,70000,6,2,0,2,4,3,3,4,55,No,Travel_Rarely,Married,5,4,2023-11-15,,No
EMP1327,Riya Roy,Female,34,Operations,Process Analyst,Master's,2,46000,8,6,4,4,3,3,4,3,22,No,Travel_Rarely,Married,10,2,2014-08-13,,No
EMP1328,Rahul Mehta,Male,21,Sales,Sales Manager,Diploma,2,41000,1,0,0,0,3,3,1,5,10,No,Travel_Rarely,Single,6,3,2021-06-01,,No
EMP1329,Meera Reddy,Female,45,Human Resources,HR Analyst,Bachelor's,5,102000,13,1,0,0,3,4,3,3,63,No,Travel_Rarely,Single,14,2,2011-10-10,,No
EMP1330,Pooja Nair,Male,30,IT,IT Support Specialist,PhD,2,42000,10,3,2,3,4,4,1,2,53,Yes,Travel_Rarely,Single,19,0,2015-08-13,,No
EMP1331,Rahul Gupta,Female,30,Operations,Process Analyst,Bachelor's,3,56000,1,0,0,0,1,2,3,2,48,Yes,Travel_Frequently,Single,8,2,2016-01-29,2018-07-06,Yes
EMP1332,Aarav Gupta,Male,21,Sales,Sales Executive,Bachelor's,1,26000,1,1,1,0,3,3,4,2,32,No,Travel_Rarely,Divorced,7,1,2018-02-14,,No
EMP1333,Nikhil Roy,Male,46,Customer Service,Customer Success Manager,Bachelor's,4,72000,17,11,4,0,2,4,2,3,25,No,Travel_Rarely,Single,24,3,2021-05-01,2026-05-17,Yes
EMP1334,Pooja Sharma,Male,43,Finance,Financial Analyst,Master's,3,63000,5,5,3,5,3,3,2,3,22,No,Travel_Rarely,Married,5,3,2018-10-13,,No
EMP1335,Shreya Sen,Female,24,IT,Software Engineer,Master's,1,33000,1,1,1,0,3,1,3,3,5,Yes,Non-Travel,Single,6,1,2015-11-07,,No
EMP1336,Sanjay Kumar,Female,31,Finance,Senior Accountant,PhD,2,47000,9,8,5,2,2,2,3,2,43,Yes,Travel_Rarely,Single,20,2,2020-10-01,2023-08-14,Yes
EMP1337,Sanjay Kumar,Male,24,Human Resources,HR Analyst,Diploma,1,28000,0,0,0,0,4,4,4,3,22,No,Travel_Rarely,Single,11,1,2024-07-27,,No
EMP1338,Vikram Kapoor,Female,40,Operations,Operations Manager,Bachelor's,3,51000,16,6,6,1,4,1,3,4,21,No,Travel_Rarely,Single,5,2,2014-11-22,,No
EMP1339,Siddharth Das,Male,37,IT,DevOps Engineer,Bachelor's,4,105000,6,3,2,3,3,3,3,3,24,Yes,Travel_Rarely,Single,13,2,2014-09-15,,No
EMP1340,Aditya Joshi,Male,30,Marketing,Marketing Analyst,Bachelor's,2,37000,4,4,3,3,2,2,4,1,37,No,Travel_Rarely,Single,4,0,2022-10-24,,No
EMP1341,Amit Malhotra,Male,24,Finance,Accountant,Bachelor's,2,41000,0,0,0,0,4,3,2,4,35,No,Travel_Rarely,Married,15,1,2023-12-09,,No
EMP1342,Isha Kumar,Male,45,Operations,Process Analyst,Bachelor's,4,75000,14,5,5,2,4,3,4,3,46,No,Travel_Rarely,Single,24,3,2015-08-14,2021-10-21,Yes
EMP1343,Ananya Reddy,Male,45,Human Resources,Recruiter,Bachelor's,4,86000,17,6,5,0,4,4,4,2,41,No,Travel_Rarely,Single,1,5,2015-11-17,,No
EMP1344,Aarav Das,Male,42,Operations,Operations Coordinator,Master's,3,61000,12,1,0,0,3,2,3,3,35,Yes,Travel_Rarely,Single,3,7,2015-07-25,,No
EMP1345,Akash Kumar,Male,27,Human Resources,HR Executive,Bachelor's,2,40000,4,4,2,2,3,3,4,3,52,Yes,Travel_Rarely,Single,8,5,2019-06-13,,No
EMP1346,Vivaan Malhotra,Male,40,Finance,Accountant,Master's,2,43000,18,6,3,2,3,1,2,2,17,No,Non-Travel,Single,27,2,2020-01-29,,No
EMP1347,Pooja Sen,Male,37,Human Resources,Recruiter,Diploma,4,77000,9,8,5,0,4,2,4,4,28,No,Non-Travel,Married,16,0,2022-02-09,,No
EMP1348,Vivaan Banerjee,Male,21,Customer Service,Customer Service Representative,Master's,2,32000,0,0,0,0,4,1,4,4,62,No,Travel_Rarely,Married,11,3,2019-09-13,2026-08-11,Yes
EMP1349,Priya Verma,Male,32,Finance,Finance Manager,Bachelor's,2,50000,7,5,5,2,3,2,2,2,45,No,Travel_Frequently,Married,10,2,2014-05-02,2020-08-19,Yes
EMP1350,Diya Patel,Female,32,Marketing,Digital Marketing Specialist,Master's,3,53000,10,0,0,0,3,3,4,2,25,No,Travel_Rarely,Married,1,2,2026-07-13,,No
EMP1351,Kavya Mukherjee,Male,37,Customer Service,Customer Service Representative,Bachelor's,3,50000,13,2,1,0,4,3,2,5,38,No,Travel_Frequently,Married,11,3,2022-05-18,,No
EMP1352,Priya Das,Male,39,Research & Development,Research Analyst,Master's,4,101000,15,1,1,0,3,3,2,3,44,Yes,Travel_Frequently,Single,13,1,2016-09-04,,No
EMP1353,Ananya Kumar,Male,37,Research & Development,Research Engineer,Bachelor's,3,75000,13,6,2,3,4,4,3,3,34,Yes,Travel_Rarely,Divorced,10,3,2015-06-22,,No
EMP1354,Diya Kapoor,Male,47,Finance,Senior Accountant,Diploma,5,127000,20,6,4,1,3,1,3,3,53,No,Travel_Rarely,Single,15,1,2026-05-28,,Yes
EMP1355,Aarav Sen,Male,29,Operations,Process Analyst,Master's,2,35000,7,7,3,0,2,3,3,3,26,No,Non-Travel,Married,7,0,2024-10-21,,No
EMP1356,Neha Kapoor,Male,41,Customer Service,Customer Service Representative,Master's,4,83000,13,8,6,4,3,4,3,3,43,No,Travel_Rarely,Single,16,2,2022-01-05,2026-08-02,Yes
EMP1357,Aisha Patel,Male,36,Research & Development,Product Researcher,Bachelor's,4,104000,12,5,5,4,3,3,3,3,43,Yes,Travel_Rarely,Married,20,2,2013-04-08,,No
EMP1358,Diya Patel,Male,32,IT,Software Engineer,Bachelor's,1,29000,3,3,2,1,3,3,2,4,8,No,Non-Travel,Married,5,2,2024-05-14,,No
EMP1359,Diya Verma,Male,34,Customer Service,Customer Service Representative,High School,3,46000,7,5,5,0,4,3,4,3,27,Yes,Non-Travel,Married,7,2,2021-08-18,,No
EMP1360,Aarav Reddy,Male,38,Sales,Sales Manager,Bachelor's,2,42000,14,9,2,1,3,4,4,3,6,No,Travel_Rarely,Married,1,2,2021-11-25,,No
EMP1361,Kavya Nair,Male,37,Operations,Operations Executive,Master's,3,57000,2,1,1,1,3,2,3,3,34,No,Travel_Rarely,Married,7,2,2022-07-25,,No
EMP1362,Aarav Banerjee,Female,53,Operations,Operations Executive,Bachelor's,5,115000,16,5,5,4,3,2,2,3,27,Yes,Travel_Frequently,Single,9,1,2013-07-03,,No
EMP1363,Aisha Iyer,Male,35,Customer Service,Customer Support Executive,Diploma,2,32000,6,2,1,2,1,4,3,5,14,No,Non-Travel,Single,27,2,2024-10-10,,No
EMP1364,Manish Joshi,Female,40,Sales,Sales Manager,Bachelor's,3,68000,16,10,3,2,3,3,4,3,22,No,Travel_Rarely,Married,11,4,2011-11-24,,No
EMP1365,Amit Chatterjee,Female,33,Human Resources,HR Analyst,Bachelor's,3,56000,9,7,4,1,2,3,3,4,28,Yes,Travel_Frequently,Married,20,1,2017-01-31,,No
EMP1366,Diya Sen,Female,25,Sales,Business Development Executive,Bachelor's,1,28000,5,2,1,0,4,3,4,3,77,Yes,Travel_Rarely,Married,16,4,2016-01-08,2019-05-30,Yes
EMP1367,Shreya Joshi,Male,25,Marketing,Digital Marketing Specialist,Bachelor's,1,30000,2,2,2,0,4,3,2,2,21,Yes,Travel_Frequently,Married,8,0,2013-06-14,,No
EMP1368,Pooja Das,Male,34,IT,IT Support Specialist,Master's,3,65000,12,4,2,4,3,2,2,4,28,No,Travel_Frequently,Married,10,2,2012-12-03,,No
EMP1369,Siddharth Kumar,Female,32,Human Resources,HR Executive,Bachelor's,2,35000,9,4,2,4,3,1,3,4,20,No,Travel_Rarely,Single,7,4,2021-10-08,,No
EMP1370,Karan Sharma,Male,38,IT,DevOps Engineer,Master's,3,64000,6,6,5,2,4,3,3,3,43,No,Travel_Rarely,Single,24,1,2018-05-26,,No
EMP1371,Amit Joshi,Male,27,IT,Software Engineer,Bachelor's,2,47000,0,0,0,0,3,4,4,3,30,No,Travel_Rarely,Single,6,1,2021-02-27,,No
EMP1372,Isha Malhotra,Female,35,Customer Service,Customer Service Representative,Bachelor's,2,41000,9,4,4,4,3,1,1,2,40,Yes,Travel_Rarely,Married,5,0,2026-01-06,,No
EMP1373,Rahul Nair,Male,33,Marketing,Marketing Analyst,Bachelor's,3,61000,6,2,0,1,3,3,2,3,63,No,Travel_Rarely,Married,4,0,2011-11-23,2012-08-18,Yes
EMP1374,Varun Chatterjee,Female,46,Human Resources,Recruiter,Master's,3,50000,17,7,3,2,2,3,3,4,44,Yes,Travel_Rarely,Single,10,0,2011-12-18,,No
EMP1375,Abhishek Kumar,Female,35,Customer Service,Customer Service Representative,Bachelor's,3,49000,8,6,4,0,4,1,4,3,51,No,Non-Travel,Married,25,2,2018-09-04,2023-02-23,Yes
EMP1376,Akash Nair,Male,21,Sales,Account Manager,Master's,2,48000,1,0,0,0,3,1,2,3,33,No,Travel_Rarely,Married,9,2,2024-01-10,2025-07-03,Yes
EMP1377,Sanjay Malhotra,Male,52,Research & Development,Research Engineer,Bachelor's,4,103000,13,5,4,0,4,3,4,5,40,Yes,Non-Travel,Single,19,2,2022-02-27,,No
EMP1378,Shreya Joshi,Male,39,Sales,Sales Manager,Bachelor's,3,56000,7,7,1,4,4,4,4,3,12,Yes,Travel_Rarely,Divorced,17,0,2015-12-07,,No
EMP1379,Aisha Gupta,Male,43,Customer Service,Customer Support Executive,Bachelor's,3,56000,12,3,3,3,1,3,4,3,30,Yes,Travel_Frequently,Single,6,1,2024-12-29,,No
EMP1380,Shreya Mishra,Female,31,Finance,Accountant,Bachelor's,2,40000,6,6,2,6,3,4,3,3,8,No,Travel_Rarely,Single,13,1,2021-06-28,2022-08-30,Yes
EMP1381,Akash Kumar,Male,39,IT,DevOps Engineer,Master's,4,94000,15,8,3,3,4,4,2,3,27,No,Travel_Rarely,Married,3,0,2013-08-29,,No
EMP1382,Rohan Reddy,Male,36,IT,Software Engineer,High School,3,61000,16,4,4,3,4,3,4,3,54,No,Travel_Rarely,Single,19,2,2018-08-08,,No
EMP1383,Vikram Verma,Female,41,Marketing,Marketing Executive,Diploma,3,53000,15,1,1,1,2,4,3,3,57,No,Travel_Rarely,Single,6,3,2025-01-10,,No
EMP1384,Isha Banerjee,Female,40,Customer Service,Customer Success Manager,Master's,2,33000,18,6,1,5,4,2,4,3,12,No,Travel_Rarely,Single,4,1,2015-11-10,,No
EMP1385,Amit Verma,Male,29,Research & Development,R&D Manager,Master's,2,47000,2,2,1,0,2,4,3,3,32,Yes,Travel_Frequently,Divorced,27,1,2023-12-28,,No
EMP1386,Amit Roy,Female,35,Operations,Operations Coordinator,Master's,3,56000,11,6,3,4,2,3,2,4,41,No,Travel_Rarely,Single,6,2,2023-07-25,,No
EMP1387,Priya Mehta,Male,21,Marketing,Marketing Executive,Master's,1,29000,0,0,0,0,3,2,3,3,26,No,Travel_Rarely,Married,2,2,2025-08-21,,No
EMP1388,Aisha Das,Male,21,Research & Development,R&D Manager,Bachelor's,1,33000,0,0,0,0,1,4,3,3,48,Yes,Travel_Rarely,Married,3,6,2012-10-08,2020-09-28,Yes
EMP1389,Amit Sen,Female,39,Sales,Sales Manager,Bachelor's,3,65000,19,5,5,1,3,2,4,4,48,No,Travel_Rarely,Married,4,1,2018-03-10,,No
EMP1390,Aarav Kumar,Male,35,IT,IT Support Specialist,Bachelor's,3,65000,13,6,5,1,4,4,3,2,17,No,Non-Travel,Married,9,1,2021-01-13,,No
EMP1391,Manish Sen,Male,35,Research & Development,Research Analyst,Bachelor's,4,82000,9,5,3,1,4,4,2,4,39,No,Travel_Rarely,Married,18,4,2019-07-19,2023-12-25,Yes
EMP1392,Aisha Singh,Female,43,IT,DevOps Engineer,Bachelor's,5,140000,14,8,4,1,3,1,3,4,43,No,Travel_Rarely,Single,12,1,2021-11-23,,No
EMP1393,Nikhil Sen,Male,23,Operations,Operations Manager,Diploma,1,30000,3,2,2,2,3,3,4,1,25,No,Travel_Rarely,Married,7,4,2012-01-17,,No
EMP1394,Priya Chatterjee,Male,28,Marketing,Marketing Executive,Bachelor's,3,66000,8,8,2,3,4,4,2,2,62,No,Travel_Rarely,Married,1,1,2020-08-03,,No
EMP1395,Manish Roy,Male,39,Operations,Operations Coordinator,Bachelor's,3,56000,12,8,4,0,4,4,3,3,49,Yes,Travel_Rarely,Single,8,0,2019-05-05,2024-02-13,Yes
EMP1396,Diya Nair,Female,44,Finance,Accountant,Bachelor's,4,92000,17,4,4,4,3,2,4,3,22,No,Travel_Rarely,Single,26,1,2023-02-20,,No
EMP1397,Manish Nair,Male,38,Research & Development,Research Analyst,High School,3,57000,11,1,1,0,3,2,3,2,5,No,Travel_Rarely,Married,10,1,2018-02-02,,No
EMP1398,Aditya Patel,Male,38,Human Resources,HR Analyst,Diploma,3,56000,12,8,4,2,3,3,3,3,18,No,Travel_Rarely,Married,9,2,2014-04-05,,No
EMP1399,Aisha Roy,Male,32,Research & Development,Research Engineer,Bachelor's,1,30000,5,0,0,0,3,3,1,3,35,Yes,Travel_Rarely,Single,18,1,2013-01-12,,No
EMP1400,Vikram Mishra,Female,30,Finance,Financial Analyst,Diploma,2,44000,0,0,0,0,3,1,3,3,22,Yes,Travel_Rarely,Married,4,2,2022-08-29,,No
EMP1401,Isha Mishra,Female,50,Human Resources,HR Manager,Master's,4,83000,18,4,4,4,3,1,2,1,28,No,Non-Travel,Married,15,2,2012-02-17,,No
EMP1402,Neha Kapoor,Female,30,IT,Data Analyst,Bachelor's,3,64000,2,0,0,0,1,4,1,3,28,No,Travel_Rarely,Married,11,1,2020-01-30,2026-07-11,Yes
EMP1403,Ravi Patel,Female,27,Customer Service,Customer Success Manager,Bachelor's,3,51000,0,0,0,0,3,1,2,2,41,Yes,Travel_Rarely,Married,7,2,2017-01-30,,No
EMP1404,Rohan Mukherjee,Male,49,Marketing,Marketing Analyst,Bachelor's,3,57000,14,2,0,2,4,4,3,4,61,No,Travel_Frequently,Married,19,0,2015-12-13,,No
EMP1405,Vivaan Roy,Female,43,Customer Service,Customer Service Representative,Master's,3,51000,17,3,3,3,3,4,3,3,55,No,Travel_Rarely,Divorced,4,3,2025-01-02,,No
EMP1406,Vivaan Banerjee,Male,28,Marketing,Marketing Analyst,Bachelor's,3,61000,7,7,3,2,2,3,3,2,25,No,Travel_Rarely,Married,4,2,2023-08-20,,No
EMP1407,Ravi Chatterjee,Female,41,Customer Service,Support Analyst,Bachelor's,3,57000,15,2,2,2,4,3,2,3,33,Yes,Travel_Rarely,Single,9,4,2017-01-09,,No
EMP1408,Isha Das,Female,27,Human Resources,Recruiter,High School,2,38000,7,3,2,1,1,3,3,4,29,No,Travel_Rarely,Single,7,0,2019-09-08,,No
EMP1409,Aditya Mukherjee,Male,40,IT,Software Engineer,Bachelor's,3,61000,10,10,6,2,1,3,3,3,23,Yes,Travel_Rarely,Single,10,2,2021-04-03,2024-09-12,Yes
EMP1410,Meera Malhotra,Male,34,Human Resources,HR Manager,Diploma,3,61000,14,6,3,5,2,3,3,3,41,No,Travel_Frequently,Married,7,3,2019-12-16,,No
EMP1411,Vikram Banerjee,Female,31,Research & Development,Research Analyst,Bachelor's,2,53000,10,8,6,3,3,4,4,4,46,No,Travel_Rarely,Single,7,2,2018-07-01,,No
EMP1412,Aisha Malhotra,Male,44,Operations,Operations Coordinator,Bachelor's,5,126000,12,6,2,4,2,3,3,3,25,No,Travel_Rarely,Married,10,2,2011-12-01,,No
EMP1413,Meera Roy,Female,46,Finance,Senior Accountant,Master's,5,126000,19,3,3,3,2,3,4,4,5,Yes,Travel_Rarely,Single,10,1,2019-11-01,,No
EMP1414,Akash Singh,Male,22,Human Resources,HR Analyst,Bachelor's,1,28000,0,0,0,0,2,4,3,3,78,Yes,Travel_Rarely,Single,11,2,2017-02-22,,No
EMP1415,Amit Reddy,Female,43,Research & Development,R&D Manager,Bachelor's,4,104000,15,1,0,1,2,2,3,3,33,No,Travel_Rarely,Married,18,0,2019-05-07,,No
EMP1416,Vivaan Mishra,Male,47,Human Resources,HR Executive,Bachelor's,4,90000,22,3,2,3,4,1,3,3,31,No,Travel_Rarely,Single,19,1,2016-07-11,,No
EMP1417,Neha Patel,Female,43,Human Resources,HR Executive,Bachelor's,4,84000,16,10,3,3,4,4,3,3,5,No,Travel_Frequently,Single,10,2,2021-09-08,,No
EMP1418,Riya Sen,Female,46,Finance,Accountant,High School,3,67000,14,7,2,0,4,4,4,3,47,Yes,Travel_Rarely,Single,7,3,2025-10-15,,No
EMP1419,Rohan Mishra,Male,49,Research & Development,R&D Manager,Master's,3,59000,15,5,1,3,3,4,3,2,32,No,Travel_Frequently,Married,9,0,2012-05-24,,No
EMP1420,Meera Sharma,Male,21,Operations,Operations Executive,Master's,1,24000,1,0,0,0,3,3,3,4,19,Yes,Travel_Rarely,Married,9,2,2012-08-08,,No
EMP1421,Raj Chatterjee,Female,50,Human Resources,HR Analyst,Bachelor's,4,78000,30,5,5,4,4,3,4,3,8,No,Travel_Rarely,Single,3,6,2011-10-25,,No
EMP1422,Isha Gupta,Male,34,IT,Data Analyst,Bachelor's,3,70000,6,5,4,2,3,4,3,4,12,No,Travel_Frequently,Married,19,2,2020-12-29,,No
EMP1423,Diya Malhotra,Male,26,Operations,Operations Coordinator,Bachelor's,2,39000,0,0,0,0,3,2,3,4,37,No,Travel_Rarely,Married,28,2,2017-12-28,,No
EMP1424,Shreya Patel,Male,35,Customer Service,Customer Service Representative,Bachelor's,3,59000,6,6,6,1,3,3,4,3,33,No,Travel_Rarely,Married,4,1,2021-07-20,,No
EMP1425,Rohan Mishra,Female,36,Marketing,Brand Manager,Diploma,2,47000,15,7,2,3,4,3,4,3,41,No,Travel_Rarely,Married,8,2,2019-02-25,,No
EMP1426,Pooja Banerjee,Male,38,IT,Software Engineer,Bachelor's,3,77000,16,6,3,0,3,4,4,4,34,Yes,Travel_Rarely,Married,7,3,2023-09-03,,No
EMP1427,Diya Mehta,Male,38,Human Resources,Recruiter,Bachelor's,3,57000,11,9,4,2,3,3,4,4,65,No,Travel_Frequently,Single,6,4,2021-11-10,,No
EMP1428,Pooja Mehta,Male,37,Marketing,Marketing Executive,High School,3,55000,11,3,2,0,3,4,2,4,38,No,Travel_Rarely,Single,23,1,2024-08-28,,No
EMP1429,Sanjay Kumar,Male,36,Operations,Operations Coordinator,Bachelor's,3,54000,4,2,2,1,3,4,2,3,49,Yes,Non-Travel,Married,17,3,2021-09-26,2024-06-10,Yes
EMP1430,Raj Das,Male,39,IT,DevOps Engineer,Bachelor's,4,91000,3,3,3,1,3,2,2,3,38,No,Travel_Rarely,Married,2,1,2020-11-15,,No
EMP1431,Priya Mehta,Female,30,Customer Service,Customer Success Manager,Master's,2,38000,3,2,0,2,4,3,4,3,40,No,Travel_Rarely,Single,9,2,2020-06-05,,No
EMP1432,Priya Joshi,Female,27,Customer Service,Customer Support Executive,Diploma,2,33000,7,7,4,0,1,3,3,2,24,Yes,Travel_Rarely,Single,8,4,2013-04-20,,No
EMP1433,Riya Sen,Male,27,Marketing,Marketing Executive,Master's,1,32000,0,0,0,0,2,3,4,5,30,Yes,Travel_Rarely,Married,15,2,2022-04-20,,No
EMP1434,Varun Patel,Male,38,Finance,Senior Accountant,Master's,2,49000,12,7,3,0,3,4,2,3,46,No,Non-Travel,Single,5,2,2019-03-24,,No
EMP1435,Pooja Sen,Female,40,Finance,Financial Analyst,Master's,4,86000,13,3,3,0,3,1,3,3,34,No,Travel_Rarely,Single,3,4,2025-05-20,,No
EMP1436,Neha Malhotra,Female,32,Human Resources,Recruiter,Bachelor's,2,45000,11,11,4,3,3,2,3,3,20,Yes,Travel_Rarely,Single,4,3,2016-05-08,,No
EMP1437,Manish Reddy,Female,41,Research & Development,Product Researcher,PhD,5,130000,15,7,3,2,1,3,3,4,33,No,Travel_Rarely,Married,17,1,2024-11-14,,No
EMP1438,Manish Kapoor,Male,32,Customer Service,Customer Service Representative,Bachelor's,1,27000,11,4,4,2,3,3,4,2,44,Yes,Non-Travel,Married,9,1,2025-03-25,,No
EMP1439,Rohan Banerjee,Male,26,IT,IT Support Specialist,Bachelor's,1,28000,1,0,0,0,1,2,4,3,54,No,Travel_Rarely,Married,3,2,2025-06-08,,No
EMP1440,Arjun Chatterjee,Male,26,Customer Service,Customer Success Manager,Bachelor's,3,50000,6,4,3,1,4,2,3,4,22,Yes,Travel_Rarely,Married,11,2,2023-06-04,,No
EMP1441,Nikhil Joshi,Female,37,Marketing,Marketing Executive,Bachelor's,3,59000,6,3,3,3,3,2,4,3,30,No,Travel_Rarely,Married,7,0,2025-09-23,,No
EMP1442,Rahul Iyer,Male,27,Research & Development,Product Researcher,Bachelor's,3,70000,7,2,2,2,4,3,3,3,23,Yes,Travel_Rarely,Married,7,1,2026-03-02,,No
EMP1443,Aditya Mukherjee,Male,32,Sales,Account Manager,Diploma,2,45000,11,6,1,5,4,4,4,4,24,No,Travel_Rarely,Married,29,4,2012-04-14,,No
EMP1444,Abhishek Mishra,Male,25,Research & Development,Research Engineer,Bachelor's,1,33000,5,1,1,1,3,3,3,5,17,No,Travel_Rarely,Married,9,2,2024-08-13,2026-04-23,Yes
EMP1445,Priya Kumar,Female,45,Research & Development,Research Analyst,Bachelor's,4,82000,16,10,5,1,4,4,3,4,13,Yes,Travel_Rarely,Single,10,3,2018-10-20,,No
EMP1446,Riya Joshi,Male,29,IT,IT Support Specialist,Bachelor's,2,53000,9,8,6,6,1,3,3,3,12,No,Travel_Rarely,Married,8,1,2025-05-30,,No
EMP1447,Siddharth Reddy,Male,31,Finance,Finance Manager,Bachelor's,2,46000,4,4,4,2,2,1,2,1,8,No,Non-Travel,Single,16,0,2020-09-17,,No
EMP1448,Rahul Das,Female,45,IT,System Administrator,Bachelor's,4,83000,12,11,5,3,4,2,4,3,21,No,Travel_Rarely,Married,17,0,2013-12-19,,No
EMP1449,Rohan Sharma,Female,24,Research & Development,Research Analyst,Bachelor's,2,50000,0,0,0,0,4,4,1,2,50,No,Non-Travel,Married,5,3,2015-01-20,,No
EMP1450,Rohan Reddy,Female,42,Finance,Accountant,Master's,4,91000,14,7,2,0,3,4,3,3,25,No,Non-Travel,Married,2,4,2012-10-02,,No
EMP1451,Priya Iyer,Male,39,Customer Service,Customer Support Executive,Bachelor's,4,83000,10,1,0,1,3,3,4,3,20,No,Travel_Rarely,Married,7,0,2026-07-10,,No
EMP1452,Karan Das,Male,26,Operations,Operations Executive,Master's,2,37000,1,1,1,0,3,4,3,3,34,No,Travel_Rarely,Married,15,0,2016-10-02,,No
EMP1453,Nikhil Kumar,Male,26,Marketing,Marketing Analyst,Bachelor's,3,67000,6,6,2,5,2,1,1,4,20,No,Travel_Rarely,Married,9,1,2015-03-07,,No
EMP1454,Siddharth Banerjee,Female,31,Finance,Senior Accountant,Bachelor's,2,41000,0,0,0,0,3,4,4,4,60,No,Travel_Rarely,Married,5,2,2021-08-01,,No
EMP1455,Meera Sen,Male,24,IT,Data Analyst,PhD,1,33000,4,3,3,3,4,3,3,3,13,Yes,Travel_Frequently,Married,6,3,2018-05-05,2021-06-07,Yes
EMP1456,Amit Nair,Female,38,Customer Service,Customer Success Manager,Diploma,4,85000,14,4,4,4,2,2,3,3,24,No,Travel_Rarely,Married,13,1,2019-09-22,,No
EMP1457,Neha Mukherjee,Male,44,Human Resources,HR Manager,Bachelor's,4,89000,13,9,3,4,3,4,4,3,24,Yes,Travel_Rarely,Single,1,0,2024-04-21,,No
EMP1458,Nikhil Chatterjee,Female,34,Finance,Accountant,Diploma,2,51000,11,9,4,2,4,4,1,3,51,No,Travel_Rarely,Married,1,1,2020-06-27,2026-03-19,Yes
EMP1459,Abhishek Singh,Male,43,Customer Service,Support Analyst,Bachelor's,4,71000,16,9,2,0,4,3,3,3,39,No,Non-Travel,Married,8,1,2017-10-07,,No
EMP1460,Abhishek Sen,Male,29,Sales,Account Manager,High School,1,31000,0,0,0,0,2,2,3,2,55,No,Non-Travel,Married,4,2,2018-03-11,,No
EMP1461,Arjun Verma,Female,30,Marketing,Marketing Analyst,Bachelor's,2,44000,4,4,3,2,4,4,3,3,22,No,Travel_Rarely,Single,22,3,2014-08-23,,No
EMP1462,Varun Mishra,Male,39,Marketing,Digital Marketing Specialist,Master's,4,80000,16,6,6,4,1,2,4,3,31,No,Travel_Rarely,Married,5,2,2026-03-31,,No
EMP1463,Nikhil Gupta,Male,31,Finance,Senior Accountant,Bachelor's,2,43000,11,7,5,1,3,3,3,3,42,Yes,Non-Travel,Single,9,1,2020-08-07,,No
EMP1464,Ananya Gupta,Female,21,IT,Data Analyst,Master's,2,48000,1,0,0,0,2,3,2,3,22,No,Non-Travel,Divorced,21,2,2021-07-30,,No
EMP1465,Pooja Verma,Female,32,Research & Development,Product Researcher,High School,2,39000,9,4,4,3,3,3,2,3,22,No,Travel_Rarely,Single,7,3,2018-05-08,2020-09-06,Yes
EMP1466,Karan Verma,Female,42,Operations,Operations Executive,Master's,4,77000,15,8,3,0,4,3,3,4,43,No,Non-Travel,Married,21,3,2017-04-14,,No
EMP1467,Rohan Reddy,Male,22,Operations,Operations Coordinator,Bachelor's,2,36000,2,0,0,0,3,4,3,3,52,No,Travel_Frequently,Single,7,4,2013-11-03,,No
EMP1468,Vivaan Sharma,Male,40,Operations,Operations Executive,Master's,4,87000,12,10,4,0,3,1,3,3,28,No,Travel_Frequently,Married,9,4,2017-07-01,,No
EMP1469,Aisha Mehta,Male,53,Finance,Financial Analyst,Master's,4,104000,26,5,5,5,4,1,4,3,53,No,Travel_Rarely,Single,40,0,2022-07-30,,No
EMP1470,Amit Singh,Male,27,Sales,Sales Executive,Master's,2,46000,0,0,0,0,3,3,3,3,47,Yes,Travel_Frequently,Single,5,2,2012-01-28,,No
EMP1471,Diya Verma,Male,27,Customer Service,Support Analyst,Bachelor's,1,26000,7,6,6,4,3,4,3,2,19,No,Travel_Rarely,Divorced,11,2,2013-09-07,,No
EMP1472,Riya Patel,Male,31,Sales,Business Development Executive,Bachelor's,2,37000,3,2,1,2,3,3,4,1,49,No,Non-Travel,Married,4,0,2012-10-11,,No
EMP1473,Aisha Joshi,Male,31,Marketing,Digital Marketing Specialist,Bachelor's,2,39000,11,5,5,5,1,3,3,1,49,No,Travel_Rarely,Married,6,3,2017-03-30,,No
EMP1474,Varun Patel,Male,43,Marketing,Digital Marketing Specialist,Bachelor's,4,92000,11,4,4,2,3,1,2,3,24,No,Travel_Frequently,Divorced,8,2,2019-04-12,,No
EMP1475,Aarav Banerjee,Female,37,Human Resources,HR Manager,Diploma,3,61000,8,5,0,1,3,2,3,3,18,Yes,Non-Travel,Single,13,1,2024-12-19,,No
EMP1476,Aarav Das,Female,43,Customer Service,Support Analyst,Bachelor's,5,114000,21,1,0,0,4,2,2,2,34,Yes,Travel_Frequently,Single,12,0,2024-12-05,2026-05-09,Yes
EMP1477,Rahul Roy,Male,29,Human Resources,HR Executive,Bachelor's,1,26000,5,5,4,0,3,1,2,4,29,Yes,Travel_Rarely,Single,2,0,2014-01-10,2018-06-05,Yes
EMP1478,Sneha Gupta,Male,39,Sales,Sales Manager,Master's,2,36000,17,6,3,3,3,4,3,3,44,Yes,Travel_Rarely,Married,4,3,2018-06-15,,No
EMP1479,Diya Sen,Male,56,IT,Data Analyst,Bachelor's,4,104000,20,6,4,1,3,3,4,4,54,No,Travel_Rarely,Single,29,1,2021-12-09,,No
EMP1480,Neha Verma,Male,43,Operations,Operations Manager,Master's,4,86000,10,7,4,5,3,4,2,3,42,No,Travel_Frequently,Single,28,1,2019-03-21,,No
EMP1481,Aditya Kumar,Male,33,Customer Service,Customer Support Executive,Bachelor's,3,51000,7,2,1,2,3,1,4,3,35,Yes,Travel_Rarely,Divorced,19,3,2016-09-04,,No
EMP1482,Sanjay Malhotra,Female,31,Human Resources,Recruiter,Master's,3,60000,2,2,1,2,4,4,3,4,34,No,Travel_Rarely,Married,24,1,2020-11-27,2024-12-14,Yes
EMP1483,Ravi Malhotra,Female,27,Operations,Operations Manager,Bachelor's,1,28000,0,0,0,0,4,4,3,4,20,Yes,Non-Travel,Married,7,3,2015-04-11,,No
EMP1484,Sanjay Nair,Female,35,Finance,Finance Manager,Master's,3,67000,13,3,3,3,3,3,3,3,42,No,Non-Travel,Married,7,2,2020-07-31,,No
EMP1485,Rohan Chatterjee,Female,26,Finance,Financial Analyst,Bachelor's,2,39000,0,0,0,0,2,4,2,3,48,No,Travel_Rarely,Married,23,1,2013-09-29,2014-10-03,Yes
EMP1486,Neha Singh,Male,40,Customer Service,Customer Service Representative,Bachelor's,3,57000,15,5,2,1,4,1,2,3,27,No,Travel_Rarely,Married,2,5,2012-03-10,,No
EMP1487,Rohan Reddy,Female,35,Finance,Financial Analyst,Diploma,2,50000,9,4,1,3,3,4,3,3,29,No,Travel_Rarely,Single,3,1,2017-12-30,,No
EMP1488,Varun Malhotra,Female,28,Human Resources,HR Analyst,Bachelor's,3,57000,0,0,0,0,4,2,4,3,8,No,Travel_Rarely,Married,17,5,2024-12-18,,No
EMP1489,Diya Sharma,Male,29,Marketing,Marketing Executive,Diploma,3,68000,9,2,2,2,3,4,3,3,21,No,Travel_Rarely,Married,1,5,2012-05-02,,No
EMP1490,Ravi Kapoor,Male,21,Operations,Operations Manager,High School,1,24000,1,1,0,1,4,2,3,4,28,Yes,Travel_Rarely,Married,21,3,2024-06-29,,No
EMP1491,Varun Malhotra,Male,30,Sales,Sales Manager,Bachelor's,2,48000,3,3,3,3,3,3,3,4,5,No,Travel_Rarely,Married,14,2,2023-09-23,,No
EMP1492,Diya Roy,Female,37,Marketing,Marketing Executive,Master's,3,70000,9,9,4,2,4,3,2,2,40,Yes,Travel_Rarely,Single,4,3,2011-12-30,,No
EMP1493,Riya Malhotra,Female,29,Sales,Sales Executive,Bachelor's,1,31000,6,6,4,0,4,2,4,3,39,No,Travel_Frequently,Married,19,0,2014-06-07,,No
EMP1494,Pooja Roy,Female,47,Sales,Sales Executive,Diploma,3,54000,16,2,0,0,4,4,3,4,40,No,Travel_Rarely,Single,11,4,2015-04-05,,No
EMP1495,Karan Banerjee,Male,27,Customer Service,Customer Service Representative,Bachelor's,2,40000,7,7,4,0,3,3,4,3,41,Yes,Travel_Rarely,Single,7,3,2019-01-10,,No
EMP1496,Arjun Patel,Female,45,Sales,Sales Manager,Master's,5,108000,12,7,7,3,2,3,4,4,8,No,Travel_Rarely,Married,11,3,2011-11-10,,No
EMP1497,Abhishek Joshi,Female,39,Sales,Business Development Executive,Diploma,2,40000,8,5,3,5,3,4,3,2,13,No,Travel_Rarely,Married,8,0,2025-05-22,,No
EMP1498,Isha Mehta,Female,34,Operations,Operations Coordinator,Master's,3,66000,13,2,2,2,2,1,3,5,50,Yes,Travel_Rarely,Single,4,1,2014-04-03,,No
EMP1499,Aisha Das,Female,39,Marketing,Digital Marketing Specialist,Bachelor's,3,62000,14,9,3,3,3,4,2,3,23,No,Travel_Rarely,Single,4,0,2025-02-23,,No
EMP1500,Vikram Gupta,Male,36,Customer Service,Customer Success Manager,Bachelor's,4,74000,0,0,0,0,4,2,3,4,49,No,Non-Travel,Married,13,0,2018-02-09,,No
